student_token,major,course,tiki_title,tiki_score,tiki_confidence,repo_title,repo_score,repo_confidence
stu_8d3e82ecdc727e88,Kỹ sư Robot và Trí tuệ nhân tạo,Xử lý tín hiệu số,"Hướng Dẫn Soạn Thảo Hợp Đồng Theo Bộ Luật Dân Sự Số 91/2015/QH13: Kinh Nghiệm Soạn Thảo, Xử Lý Tranh Chấp, Biện Pháp Phòng Tránh Rủi Ro Pháp Lý",8.5,low,Xử lý hành vi xâm phạm quyền sở hữu công nghiệp đối với nhãn hiệu - Từ góc độ bảo vệ quyền lợi người tiêu dùng,8.75,low
stu_1173f31826ee9c03,Kỹ sư Robot và Trí tuệ nhân tạo,Xử lý tín hiệu số,"Hướng Dẫn Soạn Thảo Hợp Đồng Theo Bộ Luật Dân Sự Số 91/2015/QH13: Kinh Nghiệm Soạn Thảo, Xử Lý Tranh Chấp, Biện Pháp Phòng Tránh Rủi Ro Pháp Lý",8.5,low,Xử lý hành vi xâm phạm quyền sở hữu công nghiệp đối với nhãn hiệu - Từ góc độ bảo vệ quyền lợi người tiêu dùng,8.75,low
stu_a6eeaa75e01af5fe,Kỹ sư Robot và Trí tuệ nhân tạo,Xử lý tín hiệu số,"Hướng Dẫn Soạn Thảo Hợp Đồng Theo Bộ Luật Dân Sự Số 91/2015/QH13: Kinh Nghiệm Soạn Thảo, Xử Lý Tranh Chấp, Biện Pháp Phòng Tránh Rủi Ro Pháp Lý",8.5,low,Xử lý hành vi xâm phạm quyền sở hữu công nghiệp đối với nhãn hiệu - Từ góc độ bảo vệ quyền lợi người tiêu dùng,8.75,low
stu_2d75d159d4807618,Kỹ sư Robot và Trí tuệ nhân tạo,Xử lý tín hiệu số,"Hướng Dẫn Soạn Thảo Hợp Đồng Theo Bộ Luật Dân Sự Số 91/2015/QH13: Kinh Nghiệm Soạn Thảo, Xử Lý Tranh Chấp, Biện Pháp Phòng Tránh Rủi Ro Pháp Lý",8.5,low,Xử lý hành vi xâm phạm quyền sở hữu công nghiệp đối với nhãn hiệu - Từ góc độ bảo vệ quyền lợi người tiêu dùng,8.75,low
stu_e339a40583e2a9cc,Kỹ sư Robot và Trí tuệ nhân tạo,Xử lý tín hiệu số,"Hướng Dẫn Soạn Thảo Hợp Đồng Theo Bộ Luật Dân Sự Số 91/2015/QH13: Kinh Nghiệm Soạn Thảo, Xử Lý Tranh Chấp, Biện Pháp Phòng Tránh Rủi Ro Pháp Lý",8.5,low,Xử lý hành vi xâm phạm quyền sở hữu công nghiệp đối với nhãn hiệu - Từ góc độ bảo vệ quyền lợi người tiêu dùng,8.75,low
stu_061583aa4658264a,Kỹ sư Robot và Trí tuệ nhân tạo,Xử lý tín hiệu số,"Hướng Dẫn Soạn Thảo Hợp Đồng Theo Bộ Luật Dân Sự Số 91/2015/QH13: Kinh Nghiệm Soạn Thảo, Xử Lý Tranh Chấp, Biện Pháp Phòng Tránh Rủi Ro Pháp Lý",8.5,low,Xử lý hành vi xâm phạm quyền sở hữu công nghiệp đối với nhãn hiệu - Từ góc độ bảo vệ quyền lợi người tiêu dùng,8.75,low
stu_6422ac77d02b516e,Kỹ sư Robot và Trí tuệ nhân tạo,Xử lý tín hiệu số,"Hướng Dẫn Soạn Thảo Hợp Đồng Theo Bộ Luật Dân Sự Số 91/2015/QH13: Kinh Nghiệm Soạn Thảo, Xử Lý Tranh Chấp, Biện Pháp Phòng Tránh Rủi Ro Pháp Lý",8.5,low,Xử lý hành vi xâm phạm quyền sở hữu công nghiệp đối với nhãn hiệu - Từ góc độ bảo vệ quyền lợi người tiêu dùng,8.75,low
stu_d6fdf7cbe339a4d8,Kỹ sư Robot và Trí tuệ nhân tạo,Xử lý tín hiệu số,"Hướng Dẫn Soạn Thảo Hợp Đồng Theo Bộ Luật Dân Sự Số 91/2015/QH13: Kinh Nghiệm Soạn Thảo, Xử Lý Tranh Chấp, Biện Pháp Phòng Tránh Rủi Ro Pháp Lý",8.5,low,Xử lý hành vi xâm phạm quyền sở hữu công nghiệp đối với nhãn hiệu - Từ góc độ bảo vệ quyền lợi người tiêu dùng,8.75,low
stu_94be4b6c4c251056,Kỹ sư Robot và Trí tuệ nhân tạo,Xử lý tín hiệu số,"Hướng Dẫn Soạn Thảo Hợp Đồng Theo Bộ Luật Dân Sự Số 91/2015/QH13: Kinh Nghiệm Soạn Thảo, Xử Lý Tranh Chấp, Biện Pháp Phòng Tránh Rủi Ro Pháp Lý",8.5,low,Xử lý hành vi xâm phạm quyền sở hữu công nghiệp đối với nhãn hiệu - Từ góc độ bảo vệ quyền lợi người tiêu dùng,8.75,low
stu_dc0c0f1c0290d7f3,Kỹ sư Robot và Trí tuệ nhân tạo,Xử lý tín hiệu số,"Hướng Dẫn Soạn Thảo Hợp Đồng Theo Bộ Luật Dân Sự Số 91/2015/QH13: Kinh Nghiệm Soạn Thảo, Xử Lý Tranh Chấp, Biện Pháp Phòng Tránh Rủi Ro Pháp Lý",8.5,low,Xử lý hành vi xâm phạm quyền sở hữu công nghiệp đối với nhãn hiệu - Từ góc độ bảo vệ quyền lợi người tiêu dùng,8.75,low
stu_427912e6d21f197f,Kỹ sư Robot và Trí tuệ nhân tạo,Xử lý tín hiệu số,"Hướng Dẫn Soạn Thảo Hợp Đồng Theo Bộ Luật Dân Sự Số 91/2015/QH13: Kinh Nghiệm Soạn Thảo, Xử Lý Tranh Chấp, Biện Pháp Phòng Tránh Rủi Ro Pháp Lý",8.5,low,Xử lý hành vi xâm phạm quyền sở hữu công nghiệp đối với nhãn hiệu - Từ góc độ bảo vệ quyền lợi người tiêu dùng,8.75,low
stu_d13ef315ee118878,Kỹ sư Robot và Trí tuệ nhân tạo,Xử lý tín hiệu số,"Hướng Dẫn Soạn Thảo Hợp Đồng Theo Bộ Luật Dân Sự Số 91/2015/QH13: Kinh Nghiệm Soạn Thảo, Xử Lý Tranh Chấp, Biện Pháp Phòng Tránh Rủi Ro Pháp Lý",8.5,low,Xử lý hành vi xâm phạm quyền sở hữu công nghiệp đối với nhãn hiệu - Từ góc độ bảo vệ quyền lợi người tiêu dùng,8.75,low
stu_8230704b81a20a56,Kỹ sư Robot và Trí tuệ nhân tạo,Xử lý tín hiệu số,"Hướng Dẫn Soạn Thảo Hợp Đồng Theo Bộ Luật Dân Sự Số 91/2015/QH13: Kinh Nghiệm Soạn Thảo, Xử Lý Tranh Chấp, Biện Pháp Phòng Tránh Rủi Ro Pháp Lý",8.5,low,Xử lý hành vi xâm phạm quyền sở hữu công nghiệp đối với nhãn hiệu - Từ góc độ bảo vệ quyền lợi người tiêu dùng,8.75,low
stu_2ac3c5d0f4d55ad6,Kỹ sư Robot và Trí tuệ nhân tạo,Xử lý tín hiệu số,"Hướng Dẫn Soạn Thảo Hợp Đồng Theo Bộ Luật Dân Sự Số 91/2015/QH13: Kinh Nghiệm Soạn Thảo, Xử Lý Tranh Chấp, Biện Pháp Phòng Tránh Rủi Ro Pháp Lý",8.5,low,Xử lý hành vi xâm phạm quyền sở hữu công nghiệp đối với nhãn hiệu - Từ góc độ bảo vệ quyền lợi người tiêu dùng,8.75,low
stu_fbe659a57c6cefca,Kỹ sư Robot và Trí tuệ nhân tạo,Xử lý tín hiệu số,"Hướng Dẫn Soạn Thảo Hợp Đồng Theo Bộ Luật Dân Sự Số 91/2015/QH13: Kinh Nghiệm Soạn Thảo, Xử Lý Tranh Chấp, Biện Pháp Phòng Tránh Rủi Ro Pháp Lý",8.5,low,Xử lý hành vi xâm phạm quyền sở hữu công nghiệp đối với nhãn hiệu - Từ góc độ bảo vệ quyền lợi người tiêu dùng,8.75,low
stu_63847810d89d88ef,Kỹ sư Robot và Trí tuệ nhân tạo,Xử lý tín hiệu số,"Hướng Dẫn Soạn Thảo Hợp Đồng Theo Bộ Luật Dân Sự Số 91/2015/QH13: Kinh Nghiệm Soạn Thảo, Xử Lý Tranh Chấp, Biện Pháp Phòng Tránh Rủi Ro Pháp Lý",8.5,low,Xử lý hành vi xâm phạm quyền sở hữu công nghiệp đối với nhãn hiệu - Từ góc độ bảo vệ quyền lợi người tiêu dùng,8.75,low
stu_3143d063bc0c83b3,Kỹ sư Robot và Trí tuệ nhân tạo,Xử lý tín hiệu số,"Hướng Dẫn Soạn Thảo Hợp Đồng Theo Bộ Luật Dân Sự Số 91/2015/QH13: Kinh Nghiệm Soạn Thảo, Xử Lý Tranh Chấp, Biện Pháp Phòng Tránh Rủi Ro Pháp Lý",8.5,low,Xử lý hành vi xâm phạm quyền sở hữu công nghiệp đối với nhãn hiệu - Từ góc độ bảo vệ quyền lợi người tiêu dùng,8.75,low
stu_5ef0a6823a74e0ce,Kỹ sư Robot và Trí tuệ nhân tạo,Xử lý tín hiệu số,"Hướng Dẫn Soạn Thảo Hợp Đồng Theo Bộ Luật Dân Sự Số 91/2015/QH13: Kinh Nghiệm Soạn Thảo, Xử Lý Tranh Chấp, Biện Pháp Phòng Tránh Rủi Ro Pháp Lý",8.5,low,Xử lý hành vi xâm phạm quyền sở hữu công nghiệp đối với nhãn hiệu - Từ góc độ bảo vệ quyền lợi người tiêu dùng,8.75,low
stu_0f87b5a46095ca9f,Kỹ sư Robot và Trí tuệ nhân tạo,Xử lý tín hiệu số,"Hướng Dẫn Soạn Thảo Hợp Đồng Theo Bộ Luật Dân Sự Số 91/2015/QH13: Kinh Nghiệm Soạn Thảo, Xử Lý Tranh Chấp, Biện Pháp Phòng Tránh Rủi Ro Pháp Lý",8.5,low,Xử lý hành vi xâm phạm quyền sở hữu công nghiệp đối với nhãn hiệu - Từ góc độ bảo vệ quyền lợi người tiêu dùng,8.75,low
stu_271b7d6d7755e2f2,Kỹ sư Robot và Trí tuệ nhân tạo,Xử lý tín hiệu số,"Hướng Dẫn Soạn Thảo Hợp Đồng Theo Bộ Luật Dân Sự Số 91/2015/QH13: Kinh Nghiệm Soạn Thảo, Xử Lý Tranh Chấp, Biện Pháp Phòng Tránh Rủi Ro Pháp Lý",8.5,low,Xử lý hành vi xâm phạm quyền sở hữu công nghiệp đối với nhãn hiệu - Từ góc độ bảo vệ quyền lợi người tiêu dùng,8.75,low
stu_07a3c69ac397f49f,Kỹ sư Robot và Trí tuệ nhân tạo,Xử lý tín hiệu số,"Hướng Dẫn Soạn Thảo Hợp Đồng Theo Bộ Luật Dân Sự Số 91/2015/QH13: Kinh Nghiệm Soạn Thảo, Xử Lý Tranh Chấp, Biện Pháp Phòng Tránh Rủi Ro Pháp Lý",8.5,low,Xử lý hành vi xâm phạm quyền sở hữu công nghiệp đối với nhãn hiệu - Từ góc độ bảo vệ quyền lợi người tiêu dùng,8.75,low
stu_7aab8097a70fc723,Kỹ sư Robot và Trí tuệ nhân tạo,Xử lý tín hiệu số,"Hướng Dẫn Soạn Thảo Hợp Đồng Theo Bộ Luật Dân Sự Số 91/2015/QH13: Kinh Nghiệm Soạn Thảo, Xử Lý Tranh Chấp, Biện Pháp Phòng Tránh Rủi Ro Pháp Lý",8.5,low,Xử lý hành vi xâm phạm quyền sở hữu công nghiệp đối với nhãn hiệu - Từ góc độ bảo vệ quyền lợi người tiêu dùng,8.75,low
stu_cb4093ad298306bb,Kỹ sư Robot và Trí tuệ nhân tạo,Xử lý tín hiệu số,"Hướng Dẫn Soạn Thảo Hợp Đồng Theo Bộ Luật Dân Sự Số 91/2015/QH13: Kinh Nghiệm Soạn Thảo, Xử Lý Tranh Chấp, Biện Pháp Phòng Tránh Rủi Ro Pháp Lý",8.5,low,Xử lý hành vi xâm phạm quyền sở hữu công nghiệp đối với nhãn hiệu - Từ góc độ bảo vệ quyền lợi người tiêu dùng,8.75,low
stu_4f4596e6ae09f6c5,Kỹ sư Robot và Trí tuệ nhân tạo,Xử lý tín hiệu số,"Hướng Dẫn Soạn Thảo Hợp Đồng Theo Bộ Luật Dân Sự Số 91/2015/QH13: Kinh Nghiệm Soạn Thảo, Xử Lý Tranh Chấp, Biện Pháp Phòng Tránh Rủi Ro Pháp Lý",8.5,low,Xử lý hành vi xâm phạm quyền sở hữu công nghiệp đối với nhãn hiệu - Từ góc độ bảo vệ quyền lợi người tiêu dùng,8.75,low
stu_56f33cf43b332e73,Kỹ sư Robot và Trí tuệ nhân tạo,Xử lý tín hiệu số,"Hướng Dẫn Soạn Thảo Hợp Đồng Theo Bộ Luật Dân Sự Số 91/2015/QH13: Kinh Nghiệm Soạn Thảo, Xử Lý Tranh Chấp, Biện Pháp Phòng Tránh Rủi Ro Pháp Lý",8.5,low,Xử lý hành vi xâm phạm quyền sở hữu công nghiệp đối với nhãn hiệu - Từ góc độ bảo vệ quyền lợi người tiêu dùng,8.75,low
stu_f7e5d0161efa81ce,Kỹ sư Robot và Trí tuệ nhân tạo,Xử lý tín hiệu số,"Hướng Dẫn Soạn Thảo Hợp Đồng Theo Bộ Luật Dân Sự Số 91/2015/QH13: Kinh Nghiệm Soạn Thảo, Xử Lý Tranh Chấp, Biện Pháp Phòng Tránh Rủi Ro Pháp Lý",8.5,low,Xử lý hành vi xâm phạm quyền sở hữu công nghiệp đối với nhãn hiệu - Từ góc độ bảo vệ quyền lợi người tiêu dùng,8.75,low
stu_2c9e50bcb8f600af,Kỹ sư Robot và Trí tuệ nhân tạo,Xử lý tín hiệu số,"Hướng Dẫn Soạn Thảo Hợp Đồng Theo Bộ Luật Dân Sự Số 91/2015/QH13: Kinh Nghiệm Soạn Thảo, Xử Lý Tranh Chấp, Biện Pháp Phòng Tránh Rủi Ro Pháp Lý",8.5,low,Xử lý hành vi xâm phạm quyền sở hữu công nghiệp đối với nhãn hiệu - Từ góc độ bảo vệ quyền lợi người tiêu dùng,8.75,low
stu_e736759e1fd86b08,Kỹ sư Robot và Trí tuệ nhân tạo,Xử lý tín hiệu số,"Hướng Dẫn Soạn Thảo Hợp Đồng Theo Bộ Luật Dân Sự Số 91/2015/QH13: Kinh Nghiệm Soạn Thảo, Xử Lý Tranh Chấp, Biện Pháp Phòng Tránh Rủi Ro Pháp Lý",8.5,low,Xử lý hành vi xâm phạm quyền sở hữu công nghiệp đối với nhãn hiệu - Từ góc độ bảo vệ quyền lợi người tiêu dùng,8.75,low
stu_ed502f5515f4edeb,Kỹ sư Robot và Trí tuệ nhân tạo,Xử lý tín hiệu số,"Hướng Dẫn Soạn Thảo Hợp Đồng Theo Bộ Luật Dân Sự Số 91/2015/QH13: Kinh Nghiệm Soạn Thảo, Xử Lý Tranh Chấp, Biện Pháp Phòng Tránh Rủi Ro Pháp Lý",8.5,low,Xử lý hành vi xâm phạm quyền sở hữu công nghiệp đối với nhãn hiệu - Từ góc độ bảo vệ quyền lợi người tiêu dùng,8.75,low
stu_cb40e24d081fc8c9,Kỹ sư Robot và Trí tuệ nhân tạo,Xử lý tín hiệu số,"Hướng Dẫn Soạn Thảo Hợp Đồng Theo Bộ Luật Dân Sự Số 91/2015/QH13: Kinh Nghiệm Soạn Thảo, Xử Lý Tranh Chấp, Biện Pháp Phòng Tránh Rủi Ro Pháp Lý",8.5,low,Xử lý hành vi xâm phạm quyền sở hữu công nghiệp đối với nhãn hiệu - Từ góc độ bảo vệ quyền lợi người tiêu dùng,8.75,low
stu_bffc8fc63d8b111b,Kỹ sư Robot và Trí tuệ nhân tạo,Xử lý tín hiệu số,"Hướng Dẫn Soạn Thảo Hợp Đồng Theo Bộ Luật Dân Sự Số 91/2015/QH13: Kinh Nghiệm Soạn Thảo, Xử Lý Tranh Chấp, Biện Pháp Phòng Tránh Rủi Ro Pháp Lý",8.5,low,Xử lý hành vi xâm phạm quyền sở hữu công nghiệp đối với nhãn hiệu - Từ góc độ bảo vệ quyền lợi người tiêu dùng,8.75,low
stu_09e8bc714e7d251c,Kỹ sư Robot và Trí tuệ nhân tạo,Xử lý tín hiệu số,"Hướng Dẫn Soạn Thảo Hợp Đồng Theo Bộ Luật Dân Sự Số 91/2015/QH13: Kinh Nghiệm Soạn Thảo, Xử Lý Tranh Chấp, Biện Pháp Phòng Tránh Rủi Ro Pháp Lý",8.5,low,Xử lý hành vi xâm phạm quyền sở hữu công nghiệp đối với nhãn hiệu - Từ góc độ bảo vệ quyền lợi người tiêu dùng,8.75,low
stu_b62c1262ab6b69f2,Kỹ sư Robot và Trí tuệ nhân tạo,Xử lý tín hiệu số,"Hướng Dẫn Soạn Thảo Hợp Đồng Theo Bộ Luật Dân Sự Số 91/2015/QH13: Kinh Nghiệm Soạn Thảo, Xử Lý Tranh Chấp, Biện Pháp Phòng Tránh Rủi Ro Pháp Lý",8.5,low,Xử lý hành vi xâm phạm quyền sở hữu công nghiệp đối với nhãn hiệu - Từ góc độ bảo vệ quyền lợi người tiêu dùng,8.75,low
stu_e909d330444a2dd0,Kỹ sư Robot và Trí tuệ nhân tạo,Xử lý tín hiệu số,"Hướng Dẫn Soạn Thảo Hợp Đồng Theo Bộ Luật Dân Sự Số 91/2015/QH13: Kinh Nghiệm Soạn Thảo, Xử Lý Tranh Chấp, Biện Pháp Phòng Tránh Rủi Ro Pháp Lý",8.5,low,Xử lý hành vi xâm phạm quyền sở hữu công nghiệp đối với nhãn hiệu - Từ góc độ bảo vệ quyền lợi người tiêu dùng,8.75,low
stu_cce02d2b3f360c84,Kỹ sư Robot và Trí tuệ nhân tạo,Xử lý tín hiệu số,"Hướng Dẫn Soạn Thảo Hợp Đồng Theo Bộ Luật Dân Sự Số 91/2015/QH13: Kinh Nghiệm Soạn Thảo, Xử Lý Tranh Chấp, Biện Pháp Phòng Tránh Rủi Ro Pháp Lý",8.5,low,Xử lý hành vi xâm phạm quyền sở hữu công nghiệp đối với nhãn hiệu - Từ góc độ bảo vệ quyền lợi người tiêu dùng,8.75,low
stu_28ebb8988a559255,Kỹ sư Robot và Trí tuệ nhân tạo,Xử lý tín hiệu số,"Hướng Dẫn Soạn Thảo Hợp Đồng Theo Bộ Luật Dân Sự Số 91/2015/QH13: Kinh Nghiệm Soạn Thảo, Xử Lý Tranh Chấp, Biện Pháp Phòng Tránh Rủi Ro Pháp Lý",8.5,low,Xử lý hành vi xâm phạm quyền sở hữu công nghiệp đối với nhãn hiệu - Từ góc độ bảo vệ quyền lợi người tiêu dùng,8.75,low
stu_0f1430316fce4a10,Kỹ sư Robot và Trí tuệ nhân tạo,Xử lý tín hiệu số,"Hướng Dẫn Soạn Thảo Hợp Đồng Theo Bộ Luật Dân Sự Số 91/2015/QH13: Kinh Nghiệm Soạn Thảo, Xử Lý Tranh Chấp, Biện Pháp Phòng Tránh Rủi Ro Pháp Lý",8.5,low,Xử lý hành vi xâm phạm quyền sở hữu công nghiệp đối với nhãn hiệu - Từ góc độ bảo vệ quyền lợi người tiêu dùng,8.75,low
stu_03d337a552253baf,Kỹ sư Robot và Trí tuệ nhân tạo,Xử lý tín hiệu số,"Hướng Dẫn Soạn Thảo Hợp Đồng Theo Bộ Luật Dân Sự Số 91/2015/QH13: Kinh Nghiệm Soạn Thảo, Xử Lý Tranh Chấp, Biện Pháp Phòng Tránh Rủi Ro Pháp Lý",8.5,low,Xử lý hành vi xâm phạm quyền sở hữu công nghiệp đối với nhãn hiệu - Từ góc độ bảo vệ quyền lợi người tiêu dùng,8.75,low
stu_c0fcf6f67554a043,Kỹ sư Robot và Trí tuệ nhân tạo,Xử lý tín hiệu số,"Hướng Dẫn Soạn Thảo Hợp Đồng Theo Bộ Luật Dân Sự Số 91/2015/QH13: Kinh Nghiệm Soạn Thảo, Xử Lý Tranh Chấp, Biện Pháp Phòng Tránh Rủi Ro Pháp Lý",8.5,low,Xử lý hành vi xâm phạm quyền sở hữu công nghiệp đối với nhãn hiệu - Từ góc độ bảo vệ quyền lợi người tiêu dùng,8.75,low
stu_46c8476e2a3a895f,Kỹ sư Robot và Trí tuệ nhân tạo,Xử lý tín hiệu số,"Hướng Dẫn Soạn Thảo Hợp Đồng Theo Bộ Luật Dân Sự Số 91/2015/QH13: Kinh Nghiệm Soạn Thảo, Xử Lý Tranh Chấp, Biện Pháp Phòng Tránh Rủi Ro Pháp Lý",8.5,low,Xử lý hành vi xâm phạm quyền sở hữu công nghiệp đối với nhãn hiệu - Từ góc độ bảo vệ quyền lợi người tiêu dùng,8.75,low
stu_787a44d95dd91a1a,Kỹ sư Robot và Trí tuệ nhân tạo,Xử lý tín hiệu số,"Hướng Dẫn Soạn Thảo Hợp Đồng Theo Bộ Luật Dân Sự Số 91/2015/QH13: Kinh Nghiệm Soạn Thảo, Xử Lý Tranh Chấp, Biện Pháp Phòng Tránh Rủi Ro Pháp Lý",8.5,low,Xử lý hành vi xâm phạm quyền sở hữu công nghiệp đối với nhãn hiệu - Từ góc độ bảo vệ quyền lợi người tiêu dùng,8.75,low
stu_6b39b0ff9e607f39,Kỹ sư Robot và Trí tuệ nhân tạo,Xử lý tín hiệu số,"Hướng Dẫn Soạn Thảo Hợp Đồng Theo Bộ Luật Dân Sự Số 91/2015/QH13: Kinh Nghiệm Soạn Thảo, Xử Lý Tranh Chấp, Biện Pháp Phòng Tránh Rủi Ro Pháp Lý",8.5,low,Xử lý hành vi xâm phạm quyền sở hữu công nghiệp đối với nhãn hiệu - Từ góc độ bảo vệ quyền lợi người tiêu dùng,8.75,low
stu_3bab7ece542a6669,Kỹ sư Robot và Trí tuệ nhân tạo,Xử lý tín hiệu số,"Hướng Dẫn Soạn Thảo Hợp Đồng Theo Bộ Luật Dân Sự Số 91/2015/QH13: Kinh Nghiệm Soạn Thảo, Xử Lý Tranh Chấp, Biện Pháp Phòng Tránh Rủi Ro Pháp Lý",8.5,low,Xử lý hành vi xâm phạm quyền sở hữu công nghiệp đối với nhãn hiệu - Từ góc độ bảo vệ quyền lợi người tiêu dùng,8.75,low
stu_905eba5f72af5d38,Kỹ sư Robot và Trí tuệ nhân tạo,Xử lý tín hiệu số,"Hướng Dẫn Soạn Thảo Hợp Đồng Theo Bộ Luật Dân Sự Số 91/2015/QH13: Kinh Nghiệm Soạn Thảo, Xử Lý Tranh Chấp, Biện Pháp Phòng Tránh Rủi Ro Pháp Lý",8.5,low,Xử lý hành vi xâm phạm quyền sở hữu công nghiệp đối với nhãn hiệu - Từ góc độ bảo vệ quyền lợi người tiêu dùng,8.75,low
stu_0410dbc9c742f686,Kỹ sư Robot và Trí tuệ nhân tạo,Xử lý tín hiệu số,"Hướng Dẫn Soạn Thảo Hợp Đồng Theo Bộ Luật Dân Sự Số 91/2015/QH13: Kinh Nghiệm Soạn Thảo, Xử Lý Tranh Chấp, Biện Pháp Phòng Tránh Rủi Ro Pháp Lý",8.5,low,Xử lý hành vi xâm phạm quyền sở hữu công nghiệp đối với nhãn hiệu - Từ góc độ bảo vệ quyền lợi người tiêu dùng,8.75,low
stu_9db76958a691e486,Kỹ sư Robot và Trí tuệ nhân tạo,Xử lý tín hiệu số,"Hướng Dẫn Soạn Thảo Hợp Đồng Theo Bộ Luật Dân Sự Số 91/2015/QH13: Kinh Nghiệm Soạn Thảo, Xử Lý Tranh Chấp, Biện Pháp Phòng Tránh Rủi Ro Pháp Lý",8.5,low,Xử lý hành vi xâm phạm quyền sở hữu công nghiệp đối với nhãn hiệu - Từ góc độ bảo vệ quyền lợi người tiêu dùng,8.75,low
stu_8bcb47dc09229a62,Kỹ sư Robot và Trí tuệ nhân tạo,Xử lý tín hiệu số,"Hướng Dẫn Soạn Thảo Hợp Đồng Theo Bộ Luật Dân Sự Số 91/2015/QH13: Kinh Nghiệm Soạn Thảo, Xử Lý Tranh Chấp, Biện Pháp Phòng Tránh Rủi Ro Pháp Lý",8.5,low,Xử lý hành vi xâm phạm quyền sở hữu công nghiệp đối với nhãn hiệu - Từ góc độ bảo vệ quyền lợi người tiêu dùng,8.75,low
stu_399000cc602cd2be,Kỹ sư Robot và Trí tuệ nhân tạo,Xử lý tín hiệu số,"Hướng Dẫn Soạn Thảo Hợp Đồng Theo Bộ Luật Dân Sự Số 91/2015/QH13: Kinh Nghiệm Soạn Thảo, Xử Lý Tranh Chấp, Biện Pháp Phòng Tránh Rủi Ro Pháp Lý",8.5,low,Xử lý hành vi xâm phạm quyền sở hữu công nghiệp đối với nhãn hiệu - Từ góc độ bảo vệ quyền lợi người tiêu dùng,8.75,low
stu_f9fc7e8f91d04226,Kỹ sư Robot và Trí tuệ nhân tạo,Xử lý tín hiệu số,"Hướng Dẫn Soạn Thảo Hợp Đồng Theo Bộ Luật Dân Sự Số 91/2015/QH13: Kinh Nghiệm Soạn Thảo, Xử Lý Tranh Chấp, Biện Pháp Phòng Tránh Rủi Ro Pháp Lý",8.5,low,Xử lý hành vi xâm phạm quyền sở hữu công nghiệp đối với nhãn hiệu - Từ góc độ bảo vệ quyền lợi người tiêu dùng,8.75,low
stu_4f50a93b8ef5e1a0,Kỹ sư Robot và Trí tuệ nhân tạo,Xử lý tín hiệu số,"Hướng Dẫn Soạn Thảo Hợp Đồng Theo Bộ Luật Dân Sự Số 91/2015/QH13: Kinh Nghiệm Soạn Thảo, Xử Lý Tranh Chấp, Biện Pháp Phòng Tránh Rủi Ro Pháp Lý",8.5,low,Xử lý hành vi xâm phạm quyền sở hữu công nghiệp đối với nhãn hiệu - Từ góc độ bảo vệ quyền lợi người tiêu dùng,8.75,low
stu_a8b5b187b5774f7b,Kỹ sư Robot và Trí tuệ nhân tạo,Xử lý tín hiệu số,"Hướng Dẫn Soạn Thảo Hợp Đồng Theo Bộ Luật Dân Sự Số 91/2015/QH13: Kinh Nghiệm Soạn Thảo, Xử Lý Tranh Chấp, Biện Pháp Phòng Tránh Rủi Ro Pháp Lý",8.5,low,Xử lý hành vi xâm phạm quyền sở hữu công nghiệp đối với nhãn hiệu - Từ góc độ bảo vệ quyền lợi người tiêu dùng,8.75,low
stu_70be68c9ba96414d,Kỹ sư Robot và Trí tuệ nhân tạo,Xử lý tín hiệu số,"Hướng Dẫn Soạn Thảo Hợp Đồng Theo Bộ Luật Dân Sự Số 91/2015/QH13: Kinh Nghiệm Soạn Thảo, Xử Lý Tranh Chấp, Biện Pháp Phòng Tránh Rủi Ro Pháp Lý",8.5,low,Xử lý hành vi xâm phạm quyền sở hữu công nghiệp đối với nhãn hiệu - Từ góc độ bảo vệ quyền lợi người tiêu dùng,8.75,low
stu_751f5e2560c8336c,Kỹ sư Robot và Trí tuệ nhân tạo,Xử lý tín hiệu số,"Hướng Dẫn Soạn Thảo Hợp Đồng Theo Bộ Luật Dân Sự Số 91/2015/QH13: Kinh Nghiệm Soạn Thảo, Xử Lý Tranh Chấp, Biện Pháp Phòng Tránh Rủi Ro Pháp Lý",8.5,low,Xử lý hành vi xâm phạm quyền sở hữu công nghiệp đối với nhãn hiệu - Từ góc độ bảo vệ quyền lợi người tiêu dùng,8.75,low
stu_97051adf16f5b55c,Kỹ sư Robot và Trí tuệ nhân tạo,Xử lý tín hiệu số,"Hướng Dẫn Soạn Thảo Hợp Đồng Theo Bộ Luật Dân Sự Số 91/2015/QH13: Kinh Nghiệm Soạn Thảo, Xử Lý Tranh Chấp, Biện Pháp Phòng Tránh Rủi Ro Pháp Lý",8.5,low,Xử lý hành vi xâm phạm quyền sở hữu công nghiệp đối với nhãn hiệu - Từ góc độ bảo vệ quyền lợi người tiêu dùng,8.75,low
stu_ee601afc2c41b4d9,Kỹ sư Robot và Trí tuệ nhân tạo,Xử lý tín hiệu số,"Hướng Dẫn Soạn Thảo Hợp Đồng Theo Bộ Luật Dân Sự Số 91/2015/QH13: Kinh Nghiệm Soạn Thảo, Xử Lý Tranh Chấp, Biện Pháp Phòng Tránh Rủi Ro Pháp Lý",8.5,low,Xử lý hành vi xâm phạm quyền sở hữu công nghiệp đối với nhãn hiệu - Từ góc độ bảo vệ quyền lợi người tiêu dùng,8.75,low
stu_3db8e6b643b2fed4,Kỹ sư Robot và Trí tuệ nhân tạo,Xử lý tín hiệu số,"Hướng Dẫn Soạn Thảo Hợp Đồng Theo Bộ Luật Dân Sự Số 91/2015/QH13: Kinh Nghiệm Soạn Thảo, Xử Lý Tranh Chấp, Biện Pháp Phòng Tránh Rủi Ro Pháp Lý",8.5,low,Xử lý hành vi xâm phạm quyền sở hữu công nghiệp đối với nhãn hiệu - Từ góc độ bảo vệ quyền lợi người tiêu dùng,8.75,low
stu_ebc94fc82d6d5590,Kỹ sư Robot và Trí tuệ nhân tạo,Xử lý tín hiệu số,"Hướng Dẫn Soạn Thảo Hợp Đồng Theo Bộ Luật Dân Sự Số 91/2015/QH13: Kinh Nghiệm Soạn Thảo, Xử Lý Tranh Chấp, Biện Pháp Phòng Tránh Rủi Ro Pháp Lý",8.5,low,Xử lý hành vi xâm phạm quyền sở hữu công nghiệp đối với nhãn hiệu - Từ góc độ bảo vệ quyền lợi người tiêu dùng,8.75,low
stu_b4130049154ea21a,Kỹ sư Robot và Trí tuệ nhân tạo,Xử lý tín hiệu số,"Hướng Dẫn Soạn Thảo Hợp Đồng Theo Bộ Luật Dân Sự Số 91/2015/QH13: Kinh Nghiệm Soạn Thảo, Xử Lý Tranh Chấp, Biện Pháp Phòng Tránh Rủi Ro Pháp Lý",8.5,low,Xử lý hành vi xâm phạm quyền sở hữu công nghiệp đối với nhãn hiệu - Từ góc độ bảo vệ quyền lợi người tiêu dùng,8.75,low
stu_a1dc78d801b4b55e,Kỹ sư Robot và Trí tuệ nhân tạo,Xử lý tín hiệu số,"Hướng Dẫn Soạn Thảo Hợp Đồng Theo Bộ Luật Dân Sự Số 91/2015/QH13: Kinh Nghiệm Soạn Thảo, Xử Lý Tranh Chấp, Biện Pháp Phòng Tránh Rủi Ro Pháp Lý",8.5,low,Xử lý hành vi xâm phạm quyền sở hữu công nghiệp đối với nhãn hiệu - Từ góc độ bảo vệ quyền lợi người tiêu dùng,8.75,low
stu_ac4abd368ce62e24,Kỹ sư Robot và Trí tuệ nhân tạo,Xử lý tín hiệu số,"Hướng Dẫn Soạn Thảo Hợp Đồng Theo Bộ Luật Dân Sự Số 91/2015/QH13: Kinh Nghiệm Soạn Thảo, Xử Lý Tranh Chấp, Biện Pháp Phòng Tránh Rủi Ro Pháp Lý",8.5,low,Xử lý hành vi xâm phạm quyền sở hữu công nghiệp đối với nhãn hiệu - Từ góc độ bảo vệ quyền lợi người tiêu dùng,8.75,low
stu_f2bae75835e29264,Kỹ sư Robot và Trí tuệ nhân tạo,Xử lý tín hiệu số,"Hướng Dẫn Soạn Thảo Hợp Đồng Theo Bộ Luật Dân Sự Số 91/2015/QH13: Kinh Nghiệm Soạn Thảo, Xử Lý Tranh Chấp, Biện Pháp Phòng Tránh Rủi Ro Pháp Lý",8.5,low,Xử lý hành vi xâm phạm quyền sở hữu công nghiệp đối với nhãn hiệu - Từ góc độ bảo vệ quyền lợi người tiêu dùng,8.75,low
stu_87a6a3b167c85478,Kỹ sư Robot và Trí tuệ nhân tạo,Xử lý tín hiệu số,"Hướng Dẫn Soạn Thảo Hợp Đồng Theo Bộ Luật Dân Sự Số 91/2015/QH13: Kinh Nghiệm Soạn Thảo, Xử Lý Tranh Chấp, Biện Pháp Phòng Tránh Rủi Ro Pháp Lý",8.5,low,Xử lý hành vi xâm phạm quyền sở hữu công nghiệp đối với nhãn hiệu - Từ góc độ bảo vệ quyền lợi người tiêu dùng,8.75,low
stu_b3f7d74eded5d032,Kỹ sư Robot và Trí tuệ nhân tạo,Xử lý tín hiệu số,"Hướng Dẫn Soạn Thảo Hợp Đồng Theo Bộ Luật Dân Sự Số 91/2015/QH13: Kinh Nghiệm Soạn Thảo, Xử Lý Tranh Chấp, Biện Pháp Phòng Tránh Rủi Ro Pháp Lý",8.5,low,Xử lý hành vi xâm phạm quyền sở hữu công nghiệp đối với nhãn hiệu - Từ góc độ bảo vệ quyền lợi người tiêu dùng,8.75,low
stu_677b96bbdd30b075,Công nghệ Tài chính,Thanh toán số,​Fintech 4.0 - Những Điển Hình Thành Công Trong Cuộc Cách Mạng Công Nghệ Tài Chính,10.75,low,Các yếu tố ảnh hưởng đến sự chấp nhận và truyền miệng điện tử (E-WOM) dịch vụ thanh toán điện tử của người tiêu dùng tại Thành phố Hồ Chí Minh,24.77,low
stu_f3b6235fbd9cd819,Công nghệ Tài chính,Thanh toán số,​Fintech 4.0 - Những Điển Hình Thành Công Trong Cuộc Cách Mạng Công Nghệ Tài Chính,10.75,low,Các yếu tố ảnh hưởng đến sự chấp nhận và truyền miệng điện tử (E-WOM) dịch vụ thanh toán điện tử của người tiêu dùng tại Thành phố Hồ Chí Minh,24.77,low
stu_7866af1fcd8ec6e8,Công nghệ Tài chính,Thanh toán số,​Fintech 4.0 - Những Điển Hình Thành Công Trong Cuộc Cách Mạng Công Nghệ Tài Chính,10.75,low,Các yếu tố ảnh hưởng đến sự chấp nhận và truyền miệng điện tử (E-WOM) dịch vụ thanh toán điện tử của người tiêu dùng tại Thành phố Hồ Chí Minh,24.77,low
stu_da98fe673461589b,Công nghệ Tài chính,Thanh toán số,​Fintech 4.0 - Những Điển Hình Thành Công Trong Cuộc Cách Mạng Công Nghệ Tài Chính,10.75,low,Các yếu tố ảnh hưởng đến sự chấp nhận và truyền miệng điện tử (E-WOM) dịch vụ thanh toán điện tử của người tiêu dùng tại Thành phố Hồ Chí Minh,24.77,low
stu_8002dc46fb90561e,Công nghệ Tài chính,Thanh toán số,​Fintech 4.0 - Những Điển Hình Thành Công Trong Cuộc Cách Mạng Công Nghệ Tài Chính,10.75,low,Các yếu tố ảnh hưởng đến sự chấp nhận và truyền miệng điện tử (E-WOM) dịch vụ thanh toán điện tử của người tiêu dùng tại Thành phố Hồ Chí Minh,24.77,low
stu_2ba8a80b6a0c3f08,Công nghệ Tài chính,Thanh toán số,​Fintech 4.0 - Những Điển Hình Thành Công Trong Cuộc Cách Mạng Công Nghệ Tài Chính,10.75,low,Các yếu tố ảnh hưởng đến sự chấp nhận và truyền miệng điện tử (E-WOM) dịch vụ thanh toán điện tử của người tiêu dùng tại Thành phố Hồ Chí Minh,24.77,low
stu_6e4e8f27ba83315c,Công nghệ Tài chính,Thanh toán số,​Fintech 4.0 - Những Điển Hình Thành Công Trong Cuộc Cách Mạng Công Nghệ Tài Chính,10.75,low,Các yếu tố ảnh hưởng đến sự chấp nhận và truyền miệng điện tử (E-WOM) dịch vụ thanh toán điện tử của người tiêu dùng tại Thành phố Hồ Chí Minh,24.77,low
stu_802cc997b260f976,Công nghệ Tài chính,Thanh toán số,​Fintech 4.0 - Những Điển Hình Thành Công Trong Cuộc Cách Mạng Công Nghệ Tài Chính,10.75,low,Các yếu tố ảnh hưởng đến sự chấp nhận và truyền miệng điện tử (E-WOM) dịch vụ thanh toán điện tử của người tiêu dùng tại Thành phố Hồ Chí Minh,24.77,low
stu_77df32deb018e7d0,Công nghệ Tài chính,Thanh toán số,​Fintech 4.0 - Những Điển Hình Thành Công Trong Cuộc Cách Mạng Công Nghệ Tài Chính,10.75,low,Các yếu tố ảnh hưởng đến sự chấp nhận và truyền miệng điện tử (E-WOM) dịch vụ thanh toán điện tử của người tiêu dùng tại Thành phố Hồ Chí Minh,24.77,low
stu_baad4fbb7c89dfa8,Công nghệ Tài chính,Thanh toán số,​Fintech 4.0 - Những Điển Hình Thành Công Trong Cuộc Cách Mạng Công Nghệ Tài Chính,10.75,low,Các yếu tố ảnh hưởng đến sự chấp nhận và truyền miệng điện tử (E-WOM) dịch vụ thanh toán điện tử của người tiêu dùng tại Thành phố Hồ Chí Minh,24.77,low
stu_267c3e0439655b3f,Công nghệ Tài chính,Thanh toán số,​Fintech 4.0 - Những Điển Hình Thành Công Trong Cuộc Cách Mạng Công Nghệ Tài Chính,10.75,low,Các yếu tố ảnh hưởng đến sự chấp nhận và truyền miệng điện tử (E-WOM) dịch vụ thanh toán điện tử của người tiêu dùng tại Thành phố Hồ Chí Minh,24.77,low
stu_8747379452ac0659,Công nghệ Tài chính,Thanh toán số,​Fintech 4.0 - Những Điển Hình Thành Công Trong Cuộc Cách Mạng Công Nghệ Tài Chính,10.75,low,Các yếu tố ảnh hưởng đến sự chấp nhận và truyền miệng điện tử (E-WOM) dịch vụ thanh toán điện tử của người tiêu dùng tại Thành phố Hồ Chí Minh,24.77,low
stu_0e34ddaa46c1cb29,Công nghệ Tài chính,Thanh toán số,​Fintech 4.0 - Những Điển Hình Thành Công Trong Cuộc Cách Mạng Công Nghệ Tài Chính,10.75,low,Các yếu tố ảnh hưởng đến sự chấp nhận và truyền miệng điện tử (E-WOM) dịch vụ thanh toán điện tử của người tiêu dùng tại Thành phố Hồ Chí Minh,24.77,low
stu_fa9a0fec6ef3683c,Công nghệ Tài chính,Thanh toán số,​Fintech 4.0 - Những Điển Hình Thành Công Trong Cuộc Cách Mạng Công Nghệ Tài Chính,10.75,low,Các yếu tố ảnh hưởng đến sự chấp nhận và truyền miệng điện tử (E-WOM) dịch vụ thanh toán điện tử của người tiêu dùng tại Thành phố Hồ Chí Minh,24.77,low
stu_9073d95ec45e90ab,Công nghệ Tài chính,Thanh toán số,​Fintech 4.0 - Những Điển Hình Thành Công Trong Cuộc Cách Mạng Công Nghệ Tài Chính,10.75,low,Các yếu tố ảnh hưởng đến sự chấp nhận và truyền miệng điện tử (E-WOM) dịch vụ thanh toán điện tử của người tiêu dùng tại Thành phố Hồ Chí Minh,24.77,low
stu_b750251e08537d11,Công nghệ Tài chính,Thanh toán số,​Fintech 4.0 - Những Điển Hình Thành Công Trong Cuộc Cách Mạng Công Nghệ Tài Chính,10.75,low,Các yếu tố ảnh hưởng đến sự chấp nhận và truyền miệng điện tử (E-WOM) dịch vụ thanh toán điện tử của người tiêu dùng tại Thành phố Hồ Chí Minh,24.77,low
stu_78a57814db23c595,Công nghệ Tài chính,Thanh toán số,​Fintech 4.0 - Những Điển Hình Thành Công Trong Cuộc Cách Mạng Công Nghệ Tài Chính,10.75,low,Các yếu tố ảnh hưởng đến sự chấp nhận và truyền miệng điện tử (E-WOM) dịch vụ thanh toán điện tử của người tiêu dùng tại Thành phố Hồ Chí Minh,24.77,low
stu_72cdec30864e9c2c,Công nghệ Tài chính,Thanh toán số,​Fintech 4.0 - Những Điển Hình Thành Công Trong Cuộc Cách Mạng Công Nghệ Tài Chính,10.75,low,Các yếu tố ảnh hưởng đến sự chấp nhận và truyền miệng điện tử (E-WOM) dịch vụ thanh toán điện tử của người tiêu dùng tại Thành phố Hồ Chí Minh,24.77,low
stu_d482e123599a788a,Công nghệ Tài chính,Thanh toán số,​Fintech 4.0 - Những Điển Hình Thành Công Trong Cuộc Cách Mạng Công Nghệ Tài Chính,10.75,low,Các yếu tố ảnh hưởng đến sự chấp nhận và truyền miệng điện tử (E-WOM) dịch vụ thanh toán điện tử của người tiêu dùng tại Thành phố Hồ Chí Minh,24.77,low
stu_fadb504f23c5008a,Công nghệ Tài chính,Thanh toán số,​Fintech 4.0 - Những Điển Hình Thành Công Trong Cuộc Cách Mạng Công Nghệ Tài Chính,10.75,low,Các yếu tố ảnh hưởng đến sự chấp nhận và truyền miệng điện tử (E-WOM) dịch vụ thanh toán điện tử của người tiêu dùng tại Thành phố Hồ Chí Minh,24.77,low
stu_bb19a4836f7581ff,Công nghệ Tài chính,Thanh toán số,​Fintech 4.0 - Những Điển Hình Thành Công Trong Cuộc Cách Mạng Công Nghệ Tài Chính,10.75,low,Các yếu tố ảnh hưởng đến sự chấp nhận và truyền miệng điện tử (E-WOM) dịch vụ thanh toán điện tử của người tiêu dùng tại Thành phố Hồ Chí Minh,24.77,low
stu_59176c1b825ce109,Công nghệ Tài chính,Thanh toán số,​Fintech 4.0 - Những Điển Hình Thành Công Trong Cuộc Cách Mạng Công Nghệ Tài Chính,10.75,low,Các yếu tố ảnh hưởng đến sự chấp nhận và truyền miệng điện tử (E-WOM) dịch vụ thanh toán điện tử của người tiêu dùng tại Thành phố Hồ Chí Minh,24.77,low
stu_f2fdcaf145490300,Công nghệ Tài chính,Thanh toán số,​Fintech 4.0 - Những Điển Hình Thành Công Trong Cuộc Cách Mạng Công Nghệ Tài Chính,10.75,low,Các yếu tố ảnh hưởng đến sự chấp nhận và truyền miệng điện tử (E-WOM) dịch vụ thanh toán điện tử của người tiêu dùng tại Thành phố Hồ Chí Minh,24.77,low
stu_f5ba26783bf235a6,Công nghệ Tài chính,Thanh toán số,​Fintech 4.0 - Những Điển Hình Thành Công Trong Cuộc Cách Mạng Công Nghệ Tài Chính,10.75,low,Các yếu tố ảnh hưởng đến sự chấp nhận và truyền miệng điện tử (E-WOM) dịch vụ thanh toán điện tử của người tiêu dùng tại Thành phố Hồ Chí Minh,24.77,low
stu_7e096a26aef08ae0,Công nghệ Tài chính,Thanh toán số,​Fintech 4.0 - Những Điển Hình Thành Công Trong Cuộc Cách Mạng Công Nghệ Tài Chính,10.75,low,Các yếu tố ảnh hưởng đến sự chấp nhận và truyền miệng điện tử (E-WOM) dịch vụ thanh toán điện tử của người tiêu dùng tại Thành phố Hồ Chí Minh,24.77,low
stu_b69ce8781a228080,Công nghệ Tài chính,Thanh toán số,​Fintech 4.0 - Những Điển Hình Thành Công Trong Cuộc Cách Mạng Công Nghệ Tài Chính,10.75,low,Các yếu tố ảnh hưởng đến sự chấp nhận và truyền miệng điện tử (E-WOM) dịch vụ thanh toán điện tử của người tiêu dùng tại Thành phố Hồ Chí Minh,24.77,low
stu_38fe82dfc755b552,Công nghệ Tài chính,Thanh toán số,​Fintech 4.0 - Những Điển Hình Thành Công Trong Cuộc Cách Mạng Công Nghệ Tài Chính,10.75,low,Các yếu tố ảnh hưởng đến sự chấp nhận và truyền miệng điện tử (E-WOM) dịch vụ thanh toán điện tử của người tiêu dùng tại Thành phố Hồ Chí Minh,24.77,low
stu_51c3a0e68be68cc9,Công nghệ Tài chính,Thanh toán số,​Fintech 4.0 - Những Điển Hình Thành Công Trong Cuộc Cách Mạng Công Nghệ Tài Chính,10.75,low,Các yếu tố ảnh hưởng đến sự chấp nhận và truyền miệng điện tử (E-WOM) dịch vụ thanh toán điện tử của người tiêu dùng tại Thành phố Hồ Chí Minh,24.77,low
stu_40f25bb19132d505,Công nghệ Tài chính,Thanh toán số,​Fintech 4.0 - Những Điển Hình Thành Công Trong Cuộc Cách Mạng Công Nghệ Tài Chính,10.75,low,Các yếu tố ảnh hưởng đến sự chấp nhận và truyền miệng điện tử (E-WOM) dịch vụ thanh toán điện tử của người tiêu dùng tại Thành phố Hồ Chí Minh,24.77,low
stu_2386230909df6044,Công nghệ Tài chính,Thanh toán số,​Fintech 4.0 - Những Điển Hình Thành Công Trong Cuộc Cách Mạng Công Nghệ Tài Chính,10.75,low,Các yếu tố ảnh hưởng đến sự chấp nhận và truyền miệng điện tử (E-WOM) dịch vụ thanh toán điện tử của người tiêu dùng tại Thành phố Hồ Chí Minh,24.77,low
stu_56ece45b73719b87,Công nghệ Tài chính,Thanh toán số,​Fintech 4.0 - Những Điển Hình Thành Công Trong Cuộc Cách Mạng Công Nghệ Tài Chính,10.75,low,Các yếu tố ảnh hưởng đến sự chấp nhận và truyền miệng điện tử (E-WOM) dịch vụ thanh toán điện tử của người tiêu dùng tại Thành phố Hồ Chí Minh,24.77,low
stu_7fa8e6052ce423b1,Công nghệ Tài chính,Thanh toán số,​Fintech 4.0 - Những Điển Hình Thành Công Trong Cuộc Cách Mạng Công Nghệ Tài Chính,10.75,low,Các yếu tố ảnh hưởng đến sự chấp nhận và truyền miệng điện tử (E-WOM) dịch vụ thanh toán điện tử của người tiêu dùng tại Thành phố Hồ Chí Minh,24.77,low
stu_df1e1e1db62bac6e,Công nghệ Tài chính,Thanh toán số,​Fintech 4.0 - Những Điển Hình Thành Công Trong Cuộc Cách Mạng Công Nghệ Tài Chính,10.75,low,Các yếu tố ảnh hưởng đến sự chấp nhận và truyền miệng điện tử (E-WOM) dịch vụ thanh toán điện tử của người tiêu dùng tại Thành phố Hồ Chí Minh,24.77,low
stu_c770a43cc26e0012,Công nghệ Tài chính,Thanh toán số,​Fintech 4.0 - Những Điển Hình Thành Công Trong Cuộc Cách Mạng Công Nghệ Tài Chính,10.75,low,Các yếu tố ảnh hưởng đến sự chấp nhận và truyền miệng điện tử (E-WOM) dịch vụ thanh toán điện tử của người tiêu dùng tại Thành phố Hồ Chí Minh,24.77,low
stu_22fa751311ad792a,Công nghệ Tài chính,Thanh toán số,​Fintech 4.0 - Những Điển Hình Thành Công Trong Cuộc Cách Mạng Công Nghệ Tài Chính,10.75,low,Các yếu tố ảnh hưởng đến sự chấp nhận và truyền miệng điện tử (E-WOM) dịch vụ thanh toán điện tử của người tiêu dùng tại Thành phố Hồ Chí Minh,24.77,low
stu_1a23f3ab54b4392b,Công nghệ Tài chính,Thanh toán số,​Fintech 4.0 - Những Điển Hình Thành Công Trong Cuộc Cách Mạng Công Nghệ Tài Chính,10.75,low,Các yếu tố ảnh hưởng đến sự chấp nhận và truyền miệng điện tử (E-WOM) dịch vụ thanh toán điện tử của người tiêu dùng tại Thành phố Hồ Chí Minh,24.77,low
stu_92f7e95dfbdf94a0,Công nghệ Tài chính,Thanh toán số,​Fintech 4.0 - Những Điển Hình Thành Công Trong Cuộc Cách Mạng Công Nghệ Tài Chính,10.75,low,Các yếu tố ảnh hưởng đến sự chấp nhận và truyền miệng điện tử (E-WOM) dịch vụ thanh toán điện tử của người tiêu dùng tại Thành phố Hồ Chí Minh,24.77,low
