repo_doc_id,repo_title,repo_year,repo_collection,matched_times,students,courses,avg_repo_score,avg_views
UEH/62540,Ứng dụng công nghệ trí tuệ nhân tạo trong dịch vụ tài chính tại thị trường tài chính Việt Nam,2021,Book Series,309,309,3,70.7,0.0
UEH/62432,Chuyển đổi báo cáo tài chính từ chuẩn mực kế toán Việt Nam sang chuẩn mực báo cáo tài chính quốc tế - Nghiên cứu tại Công ty Cổ phần Khu công Nnghiệp Nam Tân Uyên,2021,MASTER'S THESES,268,268,4,47.79,0.0
UEH/62516,Ứng dụng Big Data và ai trong xây dựng và khai thác cơ sở dữ liệu quốc gia về giá bất động sản tại Việt Nam,2021,Book Series,267,267,4,39.54,0.0
UEH/63972,Bảo vệ sức khỏe và phát triển thương mại quốc tế qua các tranh luận pháp lý về tính cần thiết và căn cứ khoa học trong biện pháp vệ sinh dịch tễ,2022,MASTER'S THESES,243,176,3,63.27,0.0
UEH/62960,Nâng cao quản trị rủi ro các dự án đầu tư tại Ban quản lý dự án hạ tầng II – Tổng công ty Hạ tầng mạng (VNPT NET),2021,MASTER'S THESES,229,229,4,32.99,0.0
UEH/63127,Nghiên cứu ảnh hưởng của nhận định giá trị các hoạt động Marketing nội dung trên Mạng xã hội đến đánh giá trải nghiệm và lòng trung thành thương hiệu của khách hàng,2021,MASTER'S THESES,206,160,4,26.23,0.0
UEH/61680,Tài liệu học tập Phân tích dữ liệu nghiên cứu với SPSS 2008 tập 1,2008,Business Statistics-Data Analysis,203,203,4,23.75,0.0
UEH/63925,Ứng dụng công nghệ Data Lake trong quản lý và khai phá dữ liệu của ngân hàng,2022,MASTER'S THESES,196,98,3,36.28,0.0
UEH/62673,"Doanh thu, chi phí và kết quả kinh doanh tại Công ty Cổ phần Sản xuất Kinh doanh Sơn Kim – Theo kế toán tài chính và kế toán quản trị",2021,MASTER'S THESES,179,111,3,30.84,0.0
UEH/61149,Áp dụng mô hình tam giác gian lận trong vấn đề đạo đức nghề nghiệp của kiểm toán viên Nhà nước,2020,MASTER'S THESES,176,176,3,43.42,0.0
UEH/63165,Phân tích hành vi khách hàng trong lĩnh vực bán lẻ với mô hình RFM tiếp cận bằng kỹ thuật học máy không giám sát,2022,MASTER'S THESES,175,175,2,40.65,0.0
UEH/63272,Giải pháp hoàn thiện hoạt động chuỗi cung ứng tại Công ty TNHH Thương mại và Dịch vụ Lâm Thanh,2021,MASTER'S THESES,172,172,2,33.28,0.0
UEH/63707,Hoàn thiện công tác lập dự toán ngân sách tại Công Ty TNHH Thương Mại Dịch Vụ Xuất Nhập Khẩu Song Kê,2022,MASTER'S THESES,171,108,3,22.81,0.0
UEH/62528,Áp dụng của tư duy thiết kế vào chuyển đổi số: lý thuyết và bài học thực tiễn,2021,Book Series,155,155,3,44.05,0.0
UEH/61563,Lack of digital marketing staff at Mobifone Service Company Region 8,2021,MASTER'S THESES,148,148,1,24.13,0.0
UEH/62556,Rủi ro phí bảo hiểm và việc xác định khả năng thanh toán của các doanh nghiệp bảo hiểm phi nhân thọ tại Việt Nam,2021,MASTER'S THESES,147,49,3,65.81,0.0
UEH/62544,Ảnh hưởng của các yếu tố tài chính hành vi suy nghiệm đến hiệu suất đầu tư của nhà đầu tư cá nhân trên thị trường chứng khoán Việt Nam,2021,MASTER'S THESES,136,68,2,49.54,0.0
UEH/62737,Hạn chế rủi ro tín dụng cho vay tiêu dùng tại Ngân hàng Nông nghiệp và phát triển Nông thôn Việt Nam – chi nhánh Thành phố Sóc Trăng,2021,MASTER'S THESES,136,68,2,23.1,0.0
UEH/63172,Giải pháp thu hút khách hàng tiềm năng nhằm gia tăng nguồn thu ngân sách nhà nước tại Cục Hải quan tỉnh Bà Rịa – Vũng Tàu,2021,MASTER'S THESES,126,63,2,16.26,0.0
UEH/62779,Nhân tố tác động đến mức độ công bố thông tin kế toán trong mối liên hệ với năng lực cạnh tranh – Bằng chứng thực nghiệm tại các doanh nghiệp xây dựng và kinh doanh bất động sản niêm yết trên Thị trường Chứng khoán Việt Nam,2021,DISSERTATIONS,122,61,2,48.23,0.0
UEH/62670,Phân tích triển vọng và định giá doanh nghiệp tại tập đoàn Vingroup,2021,MASTER'S THESES,116,58,2,64.76,0.0
UEH/63105,Hoàn thiện hệ thống thông tin kế toán tại Công ty TNHH MTV Dịch vụ Công ích Quận 4,2021,MASTER'S THESES,114,114,2,23.84,0.0
UEH/63472,Hoàn thiện hệ thống thông tin kế toán nhằm đáp ứng yêu cầu quản lý tại Trường Cao đẳng Nghề Thành phố Hồ Chí Minh,2021,MASTER'S THESES,114,114,2,18.02,0.0
UEH/62140,Giải pháp nâng cao chất lượng dịch vụ tín dụng tại Ngân hàng Thương mại Cổ phần Quốc tế Việt Nam – chi nhánh Thành Đô,2021,MASTER'S THESES,113,113,2,37.31,0.0
UEH/63686,Quản trị rủi ro tín dụng theo Basel II tại Ngân hàng TMCP Phương Đông,2022,MASTER'S THESES,112,112,2,49.65,0.0
UEH/63184,Xử lý hành vi xâm phạm quyền sở hữu công nghiệp đối với nhãn hiệu - Từ góc độ bảo vệ quyền lợi người tiêu dùng,2021,MASTER'S THESES,109,109,2,28.87,0.0
UEH/62896,Quản lý nhà nước về ứng dụng công nghệ thông tin trên địa bàn tỉnh An Giang,2021,MASTER'S THESES,109,109,2,17.24,0.0
UEH/61237,Giải pháp hoàn thiện hoạt động kiểm toán ngân sách địa phương tại Kiểm toán Nhà nước khu vực Đông Nam Bộ,2020,MASTER'S THESES,105,105,2,53.91,0.0
UEH/61484,Các yếu tố ảnh hưởng đến quyết định phẫu thuật thẩm mỹ mũi cấu trúc tại TP.HCM,2021,MASTER'S THESES,105,105,2,13.97,0.0
UEH/62453,Giải pháp nâng cao giá trị thương hiệu Bia Việt của Công ty TNHH Nhà máy Bia Heineken Việt Nam giai đoạn 2021 - 2025,2021,MASTER'S THESES,101,101,1,35.71,0.0
UEH/63166,Ứng dụng trí tuệ kinh doanh (Business Intelligence) trong việc hỗ trợ ra quyết định điều hành tại Câu lạc bộ Vietnam Golf & Country Club,2022,MASTER'S THESES,100,50,2,58.66,0.0
UEH/61412,Nghiên cứu hành vi mua sắm trực tuyến của người tiêu dùng tại TP. Hồ Chí Minh ngành hàng thời trang,2021,MASTER'S THESES,100,100,1,56.26,0.0
UEH/61472,Hoàn thiện công tác kiểm toán nội bộ trong các Ngân hàng Thương mại Việt Nam,2020,MASTER'S THESES,97,97,1,83.64,0.0
UEH/61183,"Đặc điểm công ty, các biến số kinh tế vĩ mô và giá chứng khoán: bằng chứng thực nghiệm tại Hose",2020,MASTER'S THESES,92,46,2,84.72,0.0
UEH/63065,Giải pháp hạn chế ý định nghỉ việc của đội ngũ nhân viên tại Công ty Cổ phần Giáo dục và Đào tạo Quốc tế ALT,2021,MASTER'S THESES,92,46,2,23.23,0.0
UEH/63432,"Pháp luật về hợp đồng thương mại điện tử của Hoa Kỳ, liên minh Châu Âu kinh nghiệm cho Việt Nam",2021,MASTER'S THESES,90,90,2,34.93,0.0
UEH/61163,Một số giải pháp nhằm cải thiện chất lượng dịch vụ vận tải container bằng đường bộ tại Công ty Cổ phần Tiếp vận Quốc tế Cảng Cát Lái,2020,MASTER'S THESES,86,43,2,22.15,0.0
UEH/63977,Nghiên cứu các nhân tố ảnh hưởng đến sự phục hồi chuỗi cung ứng nông sản trong và sau đại dịch Covid- 19 tại các tỉnh Đồng bằng sông Cửu Long,2022,MASTER'S THESES,68,68,1,100.0,0.0
UEH/63322,Quản lý rủi ro tỷ giá trong hoạt kinh doanh ngoại hối tại Ngân hàng Thương mại Cổ phần Ngoại Thương Việt Nam,2021,MASTER'S THESES,68,68,1,43.59,0.0
UEH/63535,Phân tích các nhân tố tác động đến hiệu quả chuỗi cung ứng – Nghiên cứu mô hình tại Công ty Cổ phần Acecook Việt Nam,2021,MASTER'S THESES,68,68,1,33.79,0.0
UEH/62812,"Đánh giá các yếu tố ảnh hưởng đến hiệu quả hoạt động của hợp tác xã nông nghiệp trên địa bàn huyện Phú Tân, tỉnh An Giang",2021,MASTER'S THESES,68,68,1,32.05,0.0
UEH/62978,"Mối quan hệ giữa hỗ trợ xuất khẩu của chính phủ, nhận thức động cơ xuất khẩu, nhận thức rào cản xuất khẩu và kết quả hoạt động xuất khẩu nông sản của các doanh nghiệp nhỏ và vừa tại Việt Nam sang thị trường Asean+3",2021,DISSERTATIONS,68,68,1,30.69,0.0
UEH/62921,Xây dựng bộ tiêu chí đánh giá hiệu quả ứng dụng kết quả nghiên cứu khoa học và công nghệ cấp cơ sở trong lĩnh vực nông nghiệp trên địa bàn tỉnh An Giang,2021,MASTER'S THESES,68,68,1,26.24,0.0
UEH/61660,Nghị định quy định chi tiết một số điều và biện pháp thi hành Luật Sở hữu trí tuệ về quyền tác giả và quyền liên quan,2018,Legal Documents,68,68,1,26.06,0.0
UEH/63287,Nghiên cứu ứng dụng thống kê Bayes phân tích việc sẵn lòng tham gia bảo hiểm cây cà phê theo chỉ số năng suất của hộ nông dân tỉnh Đắk Lắk,2022,DISSERTATIONS,68,68,1,22.9,0.0
UEH/61081,Đáp ứng kỳ vọng của nhà đầu tư thông qua hoạt động thuê tài sản tại Công ty Cổ phần Đầu tư Xây dựng Nam Nguyên,2020,MASTER'S THESES,68,68,1,21.25,0.0
UEH/61422,Quản trị rủi ro danh mục tín dụng tại Ngân hàng thương mại cổ phần Đầu tư và phát Triển Việt Nam – Chi nhánh Bến Tre,2020,MASTER'S THESES,68,68,1,17.43,0.0
UEH/61003,Cơ sở pháp lý cho tổ chức và hoạt động của doanh nghiệp kinh doanh dịch vụ Logistics trong bối cảnh hội nhập quốc tế,2020,MASTER'S THESES,67,67,1,15.22,0.0
UEH/61662,Reading list for course International Business Management,2021,International Business Management Course,67,67,1,11.37,0.0
UEH/63482,Giải pháp hoàn thiện hoạt động quản lý kho hàng tại công ty TNHH Olam Việt Nam,2021,MASTER'S THESES,66,66,1,100.0,0.0
