resource_id,item_id,resource_type,resource_title,resource_url
REPO_UEH_62540,0,ueh_repository,Ứng dụng công nghệ trí tuệ nhân tạo trong dịch vụ tài chính tại thị trường tài chính Việt Nam,https://digital.lib.ueh.edu.vn/handle/UEH/62540
TIKI_94851869,1,tiki_book,"Nghiệp Vụ Dành Cho Kế Toán Kiểm Toán Nội Bộ Chuẩn Mực, Nguyên Tắc Đạo Đức Nghề Nghiệp Và Quy Chế Kiểm Toán Nội Bộ Trong Các Cơ Quan Nhà Nước, Đơn Vị Sự Nghiệp Công Lập Và Doanh Nghiệp",https://tiki.vn/sach-nghiep-vu-danh-cho-ke-toan-kiem-toan-noi-bo-chuan-muc-nguyen-tac-dao-duc-nghe-nghiep-va-quy-che-kiem-toan-noi-bo-trong-cac-co-quan-nha-nuoc-don-vi-su-nghiep-cong-lap-va-doanh-nghiep-p94851869.html?spid=94851870
REPO_UEH_62432,2,ueh_repository,Chuyển đổi báo cáo tài chính từ chuẩn mực kế toán Việt Nam sang chuẩn mực báo cáo tài chính quốc tế - Nghiên cứu tại Công ty Cổ phần Khu công Nnghiệp Nam Tân Uyên,https://digital.lib.ueh.edu.vn/handle/UEH/62432
REPO_UEH_62516,3,ueh_repository,Ứng dụng Big Data và ai trong xây dựng và khai thác cơ sở dữ liệu quốc gia về giá bất động sản tại Việt Nam,https://digital.lib.ueh.edu.vn/handle/UEH/62516
REPO_UEH_62960,4,ueh_repository,Nâng cao quản trị rủi ro các dự án đầu tư tại Ban quản lý dự án hạ tầng II – Tổng công ty Hạ tầng mạng (VNPT NET),https://digital.lib.ueh.edu.vn/handle/UEH/62960
REPO_UEH_61680,5,ueh_repository,Tài liệu học tập Phân tích dữ liệu nghiên cứu với SPSS 2008 tập 1,https://digital.lib.ueh.edu.vn/handle/UEH/61680
TIKI_279233260,6,tiki_book,Hiểu Về Trí Tuệ Nhân Tạo - AI,https://tiki.vn/sach-hieu-ve-tri-tue-nhan-tao-ai-p279233260.html?spid=279233261
TIKI_277392524,7,tiki_book,- Quản Lý Dự Án Xây Dựng - Lập Và Thẩm Định Dự Án - TS. Bùi Ngọc Toàn - NXB Xây Dựng,https://tiki.vn/sach-quan-ly-du-an-xay-dung-lap-va-tham-dinh-du-an-ts-bui-ngoc-toan-nxb-xay-dung-p277392524.html?spid=279333156
REPO_UEH_61149,8,ueh_repository,Áp dụng mô hình tam giác gian lận trong vấn đề đạo đức nghề nghiệp của kiểm toán viên Nhà nước,https://digital.lib.ueh.edu.vn/handle/UEH/61149
REPO_UEH_63972,9,ueh_repository,Bảo vệ sức khỏe và phát triển thương mại quốc tế qua các tranh luận pháp lý về tính cần thiết và căn cứ khoa học trong biện pháp vệ sinh dịch tễ,https://digital.lib.ueh.edu.vn/handle/UEH/63972
REPO_UEH_63165,10,ueh_repository,Phân tích hành vi khách hàng trong lĩnh vực bán lẻ với mô hình RFM tiếp cận bằng kỹ thuật học máy không giám sát,https://digital.lib.ueh.edu.vn/handle/UEH/63165
REPO_UEH_63272,11,ueh_repository,Giải pháp hoàn thiện hoạt động chuỗi cung ứng tại Công ty TNHH Thương mại và Dịch vụ Lâm Thanh,https://digital.lib.ueh.edu.vn/handle/UEH/63272
REPO_UEH_63127,12,ueh_repository,Nghiên cứu ảnh hưởng của nhận định giá trị các hoạt động Marketing nội dung trên Mạng xã hội đến đánh giá trải nghiệm và lòng trung thành thương hiệu của khách hàng,https://digital.lib.ueh.edu.vn/handle/UEH/63127
REPO_UEH_62528,13,ueh_repository,Áp dụng của tư duy thiết kế vào chuyển đổi số: lý thuyết và bài học thực tiễn,https://digital.lib.ueh.edu.vn/handle/UEH/62528
REPO_UEH_61563,14,ueh_repository,Lack of digital marketing staff at Mobifone Service Company Region 8,https://digital.lib.ueh.edu.vn/handle/UEH/61563
TIKI_279085060,15,tiki_book,"Quy định pháp luật về xử phạt vi phạm trong hoạt động thương mại, sản xuất, buôn bán hàng giả, hàng cấm và bảo vệ quyền lợi người tiêu dùng",https://tiki.vn/quy-dinh-phap-luat-ve-xu-phat-vi-pham-trong-hoat-dong-thuong-mai-san-xuat-buon-ban-hang-gia-hang-cam-va-bao-ve-quyen-loi-nguoi-tieu-dung-p279085060.html?spid=279085062
TIKI_277413581,16,tiki_book,Định Giá Doanh Nghiệp Và Tài Sản - Ứng Dụng Trong Đầu Tư Tài Chính,https://tiki.vn/dinh-gia-doanh-nghiep-va-tai-san-ung-dung-trong-dau-tu-tai-chinh-p277413581.html?spid=277413582
TIKI_273744608,17,tiki_book,Quản lý chuỗi cung ứng thực phẩm và logistics,https://tiki.vn/sach-quan-ly-chuoi-cung-ung-thuc-pham-va-logistics-p273744608.html?spid=273744609
TIKI_77339644,18,tiki_book,Phân tích kỹ thuật trong thị trường tài chính,https://tiki.vn/phan-tich-ky-thuat-trong-thi-truong-tai-chinh-p77339644.html?spid=84882958
TIKI_531592,19,tiki_book,Thị Trường Tài Chính,https://tiki.vn/sach-thi-truong-tai-chinh-p531592.html?spid=89424628
TIKI_197857892,20,tiki_book,Tài Chính Quốc Tế,https://tiki.vn/tai-chinh-quoc-te-p197857892.html?spid=197857893
TIKI_207201346,21,tiki_book,Pháp luật điều chỉnh hoạt động kinh doanh dịch vụ của công ty chứng khoán,https://tiki.vn/phap-luat-dieu-chinh-hoat-dong-kinh-doanh-dich-vu-cua-cong-ty-chung-khoan-p207201346.html?spid=276756959
TIKI_276237667,22,tiki_book,Tích Hợp Hệ Thống Tự Động Điều Khiển Quá Trình Công Nghệ Sinh Học Và Công Nghệ Thực Phẩm,https://tiki.vn/tich-hop-he-thong-tu-dong-dieu-khien-qua-trinh-cong-nghe-sinh-hoc-va-cong-nghe-thuc-pham-p276237667.html?spid=276237668
TIKI_271997519,23,tiki_book,Giáo Trình Mạng Máy Tính Và Truyền Thông - TS. Phan Thanh Đức,https://tiki.vn/giao-trinh-mang-may-tinh-va-truyen-thong-ts-phan-thanh-duc-p271997519.html?spid=271997520
TIKI_279292266,24,tiki_book,"Hướng Dẫn Chế Độ Kế Toán Hành Chính, Sự Nghiệp Và Lập Báo Cáo Tài Chính Hợp Nhất Của Đơn Vị Kế Toán Cấp Trên (V2683T)",https://tiki.vn/sach-huong-dan-che-do-ke-toan-hanh-chinh-su-nghiep-va-lap-bao-cao-tai-chinh-hop-nhat-cua-don-vi-ke-toan-cap-tren-v2683t-p279292266.html?spid=279292267
TIKI_260922789,25,tiki_book,"Khởi nghiệp công nghệ – Máu Bẩn (Bad Blood - Ảo tưởng, tham vọng, bí mật & sự dối trá trong vụ lừa đảo lớn nhất...)",https://tiki.vn/khoi-nghiep-cong-nghe-mau-ban-bad-blood-ao-tuong-tham-vong-bi-mat-su-doi-tra-trong-vu-lua-dao-lon-nhat-p260922789.html?spid=263589411
REPO_UEH_63105,26,ueh_repository,Hoàn thiện hệ thống thông tin kế toán tại Công ty TNHH MTV Dịch vụ Công ích Quận 4,https://digital.lib.ueh.edu.vn/handle/UEH/63105
REPO_UEH_63472,27,ueh_repository,Hoàn thiện hệ thống thông tin kế toán nhằm đáp ứng yêu cầu quản lý tại Trường Cao đẳng Nghề Thành phố Hồ Chí Minh,https://digital.lib.ueh.edu.vn/handle/UEH/63472
TIKI_195792313,28,tiki_book,Tinh Hoa Kinh Tế Học (Essentials Of Economics) - Tặng sổ tay xương rồng,https://tiki.vn/sach-tinh-hoa-kinh-te-hoc-essentials-of-economics-tang-so-tay-xuong-rong-p195792313.html?spid=195792314
TIKI_274890405,29,tiki_book,"- Nhận Diện Nghệ Thuật Đồ Họa - Để nghiên cứu , sáng tác và giảng dạy Thiết Kế Đồ Họa ( Tặng kèm sổ tay xương rồng )",https://tiki.vn/sach-nhan-dien-nghe-thuat-do-hoa-de-nghien-cuu-sang-tac-va-giang-day-thiet-ke-do-hoa-tang-kem-so-tay-xuong-rong-p274890405.html?spid=274890406
REPO_UEH_62140,30,ueh_repository,Giải pháp nâng cao chất lượng dịch vụ tín dụng tại Ngân hàng Thương mại Cổ phần Quốc tế Việt Nam – chi nhánh Thành Đô,https://digital.lib.ueh.edu.vn/handle/UEH/62140
TIKI_1208799,31,tiki_book,Nguyên Lý Quản Trị Chuỗi Cung Ứng,https://tiki.vn/sach-nguyen-ly-quan-tri-chuoi-cung-ung-p1208799.html?spid=1208801
TIKI_243732948,32,tiki_book,"Giáo trình Tín dụng và thanh toán thương mại quốc tế (Tái bản lần thứ tư, có sửa chữa bổ sung)",https://tiki.vn/giao-trinh-tin-dung-va-thanh-toan-thuong-mai-quoc-te-tai-ban-lan-thu-tu-co-sua-chua-bo-sung-p243732948.html?spid=243732949
TIKI_63822864,33,tiki_book,Phân tích kinh tế - kỹ thuật các dự án đầu tư xây dựng,https://tiki.vn/sach-phan-tich-kinh-te-ky-thuat-cac-du-an-dau-tu-xay-dung-p63822864.html?spid=111196672
REPO_UEH_63686,34,ueh_repository,Quản trị rủi ro tín dụng theo Basel II tại Ngân hàng TMCP Phương Đông,https://digital.lib.ueh.edu.vn/handle/UEH/63686
TIKI_271583421,35,tiki_book,"Hệ Thống Chỉ Tiêu Thống Kê Cấp Tỉnh, Cấp Huyện, Cấp Xã theo Quyết định 05/2023/QĐ-TTg ngày 24/02/2023 - V2205T",https://tiki.vn/sach-he-thong-chi-tieu-thong-ke-cap-tinh-cap-huyen-cap-xa-theo-quyet-dinh-05-2023-qd-ttg-ngay-24-02-2023-v2205t-p271583421.html?spid=271583422
REPO_UEH_62673,36,ueh_repository,"Doanh thu, chi phí và kết quả kinh doanh tại Công ty Cổ phần Sản xuất Kinh doanh Sơn Kim – Theo kế toán tài chính và kế toán quản trị",https://digital.lib.ueh.edu.vn/handle/UEH/62673
TIKI_278226682,37,tiki_book,- Thiết Kế Hệ Thống Học Máy - Designing Machine Learning Systems,https://tiki.vn/sach-thiet-ke-he-thong-hoc-may-designing-machine-learning-systems-p278226682.html?spid=278226683
REPO_UEH_62896,38,ueh_repository,Quản lý nhà nước về ứng dụng công nghệ thông tin trên địa bàn tỉnh An Giang,https://digital.lib.ueh.edu.vn/handle/UEH/62896
REPO_UEH_63184,39,ueh_repository,Xử lý hành vi xâm phạm quyền sở hữu công nghiệp đối với nhãn hiệu - Từ góc độ bảo vệ quyền lợi người tiêu dùng,https://digital.lib.ueh.edu.vn/handle/UEH/63184
TIKI_217928722,40,tiki_book,Tính Toán Thiết Kế Hệ Thống Phân Phối Truyền Tải Điện,https://tiki.vn/tinh-toan-thiet-ke-he-thong-phan-phoi-truyen-tai-dien-p217928722.html?spid=217928723
TIKI_447075,41,tiki_book,Soạn Thảo Và Dịch Hợp Đồng Thương Mại Quốc Tế (Tái Bản),https://tiki.vn/sach-soan-thao-va-dich-hop-dong-thuong-mai-quoc-te-tai-ban-p447075.html?spid=153807
REPO_UEH_63707,42,ueh_repository,Hoàn thiện công tác lập dự toán ngân sách tại Công Ty TNHH Thương Mại Dịch Vụ Xuất Nhập Khẩu Song Kê,https://digital.lib.ueh.edu.vn/handle/UEH/63707
TIKI_279103684,43,tiki_book,Biểu Thuế Xuất Khẩu - Nhập Khẩu Năm 2026 (Export Import Tax 2026),https://tiki.vn/bieu-thue-xuat-khau-nhap-khau-nam-2026-export-import-tax-2026-p279103684.html?spid=279103685
TIKI_279106463,44,tiki_book,Ngân hàng số - Nguyễn Quang Lộc - TH189,https://tiki.vn/ngan-hang-so-nguyen-quang-loc-th189-p279106463.html?spid=279106464
TIKI_7164855,45,tiki_book,Cơ Sở Dữ Liệu Quan Hệ & Ứng Dụng,https://tiki.vn/sach-co-so-du-lieu-quan-he-ung-dung-p7164855.html?spid=188782912
REPO_UEH_61237,46,ueh_repository,Giải pháp hoàn thiện hoạt động kiểm toán ngân sách địa phương tại Kiểm toán Nhà nước khu vực Đông Nam Bộ,https://digital.lib.ueh.edu.vn/handle/UEH/61237
REPO_UEH_61484,47,ueh_repository,Các yếu tố ảnh hưởng đến quyết định phẫu thuật thẩm mỹ mũi cấu trúc tại TP.HCM,https://digital.lib.ueh.edu.vn/handle/UEH/61484
REPO_UEH_62453,48,ueh_repository,Giải pháp nâng cao giá trị thương hiệu Bia Việt của Công ty TNHH Nhà máy Bia Heineken Việt Nam giai đoạn 2021 - 2025,https://digital.lib.ueh.edu.vn/handle/UEH/62453
TIKI_257847632,49,tiki_book,Digital Marketing thực chiến,https://tiki.vn/sach-digital-marketing-thuc-chien-p257847632.html?spid=257847633
TIKI_42531744,50,tiki_book,Combo Sách : Learn Branding - Xây Dựng Thương Hiệu Tinh Gọn + Quản Trị Thương Hiệu Trực Tuyến,https://tiki.vn/combo-sach-learn-branding-xay-dung-thuong-hieu-tinh-gon-quan-tri-thuong-hieu-truc-tuyen-p42531744.html?spid=121366049
REPO_UEH_61412,51,ueh_repository,Nghiên cứu hành vi mua sắm trực tuyến của người tiêu dùng tại TP. Hồ Chí Minh ngành hàng thời trang,https://digital.lib.ueh.edu.vn/handle/UEH/61412
REPO_UEH_63925,52,ueh_repository,Ứng dụng công nghệ Data Lake trong quản lý và khai phá dữ liệu của ngân hàng,https://digital.lib.ueh.edu.vn/handle/UEH/63925
TIKI_29810872,53,tiki_book,Dữ Liệu Lớn - Big Data ( Tặng Bookmark Sáng Tạo ),https://tiki.vn/du-lieu-lon-big-data-tang-bookmark-sang-tao-p29810872.html?spid=274059541
TIKI_76013378,54,tiki_book,Storytelling With Data - Kể Chuyện Thông Qua Dữ Liệu (Cuốn Cẩm Nang Hướng Dẫn Trực Quan Hóa Dữ Liệu),https://tiki.vn/sach-storytelling-with-data-ke-chuyen-thong-qua-du-lieu-cuon-cam-nang-huong-dan-truc-quan-hoa-du-lieu-p76013378.html?spid=76013379
REPO_UEH_61472,55,ueh_repository,Hoàn thiện công tác kiểm toán nội bộ trong các Ngân hàng Thương mại Việt Nam,https://digital.lib.ueh.edu.vn/handle/UEH/61472
TIKI_278731661,56,tiki_book,Kế Toán Quản Trị - Managerial Accounting,https://tiki.vn/ke-toan-quan-tri-managerial-accounting-p278731661.html?spid=278731662
REPO_UEH_63432,57,ueh_repository,"Pháp luật về hợp đồng thương mại điện tử của Hoa Kỳ, liên minh Châu Âu kinh nghiệm cho Việt Nam",https://digital.lib.ueh.edu.vn/handle/UEH/63432
REPO_UEH_61081,58,ueh_repository,Đáp ứng kỳ vọng của nhà đầu tư thông qua hoạt động thuê tài sản tại Công ty Cổ phần Đầu tư Xây dựng Nam Nguyên,https://digital.lib.ueh.edu.vn/handle/UEH/61081
REPO_UEH_61422,59,ueh_repository,Quản trị rủi ro danh mục tín dụng tại Ngân hàng thương mại cổ phần Đầu tư và phát Triển Việt Nam – Chi nhánh Bến Tre,https://digital.lib.ueh.edu.vn/handle/UEH/61422
REPO_UEH_61660,60,ueh_repository,Nghị định quy định chi tiết một số điều và biện pháp thi hành Luật Sở hữu trí tuệ về quyền tác giả và quyền liên quan,https://digital.lib.ueh.edu.vn/handle/UEH/61660
REPO_UEH_62544,61,ueh_repository,Ảnh hưởng của các yếu tố tài chính hành vi suy nghiệm đến hiệu suất đầu tư của nhà đầu tư cá nhân trên thị trường chứng khoán Việt Nam,https://digital.lib.ueh.edu.vn/handle/UEH/62544
REPO_UEH_62737,62,ueh_repository,Hạn chế rủi ro tín dụng cho vay tiêu dùng tại Ngân hàng Nông nghiệp và phát triển Nông thôn Việt Nam – chi nhánh Thành phố Sóc Trăng,https://digital.lib.ueh.edu.vn/handle/UEH/62737
REPO_UEH_62812,63,ueh_repository,"Đánh giá các yếu tố ảnh hưởng đến hiệu quả hoạt động của hợp tác xã nông nghiệp trên địa bàn huyện Phú Tân, tỉnh An Giang",https://digital.lib.ueh.edu.vn/handle/UEH/62812
REPO_UEH_62921,64,ueh_repository,Xây dựng bộ tiêu chí đánh giá hiệu quả ứng dụng kết quả nghiên cứu khoa học và công nghệ cấp cơ sở trong lĩnh vực nông nghiệp trên địa bàn tỉnh An Giang,https://digital.lib.ueh.edu.vn/handle/UEH/62921
REPO_UEH_62978,65,ueh_repository,"Mối quan hệ giữa hỗ trợ xuất khẩu của chính phủ, nhận thức động cơ xuất khẩu, nhận thức rào cản xuất khẩu và kết quả hoạt động xuất khẩu nông sản của các doanh nghiệp nhỏ và vừa tại Việt Nam sang thị trường Asean+3",https://digital.lib.ueh.edu.vn/handle/UEH/62978
REPO_UEH_63287,66,ueh_repository,Nghiên cứu ứng dụng thống kê Bayes phân tích việc sẵn lòng tham gia bảo hiểm cây cà phê theo chỉ số năng suất của hộ nông dân tỉnh Đắk Lắk,https://digital.lib.ueh.edu.vn/handle/UEH/63287
REPO_UEH_63322,67,ueh_repository,Quản lý rủi ro tỷ giá trong hoạt kinh doanh ngoại hối tại Ngân hàng Thương mại Cổ phần Ngoại Thương Việt Nam,https://digital.lib.ueh.edu.vn/handle/UEH/63322
REPO_UEH_63535,68,ueh_repository,Phân tích các nhân tố tác động đến hiệu quả chuỗi cung ứng – Nghiên cứu mô hình tại Công ty Cổ phần Acecook Việt Nam,https://digital.lib.ueh.edu.vn/handle/UEH/63535
REPO_UEH_63977,69,ueh_repository,Nghiên cứu các nhân tố ảnh hưởng đến sự phục hồi chuỗi cung ứng nông sản trong và sau đại dịch Covid- 19 tại các tỉnh Đồng bằng sông Cửu Long,https://digital.lib.ueh.edu.vn/handle/UEH/63977
TIKI_190743209,70,tiki_book,Toán tài chính ứng dụng,https://tiki.vn/toan-tai-chinh-ung-dung-p190743209.html?spid=190743210
TIKI_196280121,71,tiki_book,HBR Onpoint 2021: Quản Lý Rủi Ro (Tái Bản 2022),https://tiki.vn/hbr-onpoint-2021-quan-ly-rui-ro-tai-ban-2022-p196280121.html?spid=197410266
TIKI_215746095,72,tiki_book,Ghế nóng - Cẩm nang toàn diện cho CEO khởi nghiệp (Hot Seat: The Startup CEO Guidebook) - Tác giả: Dan Shapiro - Cuốn sách này sẽ giúp bạn ra quyết định,https://tiki.vn/ghe-nong-cam-nang-toan-dien-cho-ceo-khoi-nghiep-hot-seat-the-startup-ceo-guidebook-tac-gia-dan-shapiro-cuon-sach-nay-se-giup-ban-ra-quyet-dinh-p215746095.html?spid=272284830
TIKI_270847837,73,tiki_book,Xác Suất Thống Kê (Dùng cho sinh viên các trường Kỹ Thuật và Công Nghệ),https://tiki.vn/xac-suat-thong-ke-dung-cho-sinh-vien-cac-truong-ky-thuat-va-cong-nghe-tai-ban-lan-thu-tu-nam-2023-p270847837.html?spid=270847838
TIKI_273536991,74,tiki_book,The Finance Book - Tài Chính Doanh Nghiệp-Cuốn Sách Kinh Doanh Hay,https://tiki.vn/the-finance-book-tai-chinh-doanh-nghiep-cuon-sach-kinh-doanh-hay-p273536991.html?spid=273536992
TIKI_276290847,75,tiki_book,Đầu Tư Vào Vàng - Khoản Đầu Tư Tuyệt Đối An Toàn Thiết Yếu Cho Mọi Danh Mục Đầu Tư (Tái Bản 2024),https://tiki.vn/dau-tu-vao-vang-khoan-dau-tu-tuyet-doi-an-toan-thiet-yeu-cho-moi-danh-muc-dau-tu-tai-ban-2024-p276290847.html?spid=276427763
TIKI_277041821,76,tiki_book,Xuất Khẩu Hàng Nông Sản Chủ Lực Của Việt Nam Sang Thị Trường Liên Minh Châu Âu (EU) Đến Năm 2025 (Sách Chuyên Khảo),https://tiki.vn/xuat-khau-hang-nong-san-chu-luc-cua-viet-nam-sang-thi-truong-lien-minh-chau-au-eu-den-nam-2025-sach-chuyen-khao-p277041821.html?spid=277041822
TIKI_278711641,77,tiki_book,Tài Chính Cá Nhân Căn Bản - Personal Finance 101,https://tiki.vn/sach-tai-chinh-ca-nhan-can-ban-personal-finance-101-p278711641.html?spid=278711642
TIKI_279336919,78,tiki_book,- Kỹ Thuật Phân Tích Đầu Tư Chứng Khoán (Tái Bản 2026),https://tiki.vn/sach-ky-thuat-phan-tich-dau-tu-chung-khoan-tai-ban-2026-p279336919.html?spid=279336920
TIKI_279379640,79,tiki_book,Giáo trình kế toán tài chính 2,https://tiki.vn/giao-trinh-ke-toan-tai-chinh-2-p279379640.html?spid=279379641
REPO_UEH_61003,80,ueh_repository,Cơ sở pháp lý cho tổ chức và hoạt động của doanh nghiệp kinh doanh dịch vụ Logistics trong bối cảnh hội nhập quốc tế,https://digital.lib.ueh.edu.vn/handle/UEH/61003
REPO_UEH_61662,81,ueh_repository,Reading list for course International Business Management,https://digital.lib.ueh.edu.vn/handle/UEH/61662
TIKI_273136011,82,tiki_book,Giáo Trình Cao Học - Quản Trị Kinh Doanh Quốc Tế_KT,https://tiki.vn/giao-trinh-cao-hoc-quan-tri-kinh-doanh-quoc-te_kt-p273136011.html?spid=273136012
TIKI_276353637,83,tiki_book,- Giáo Trình Đàm Phán Quốc Tế (Tái Bản lần Thứ Nhất),https://tiki.vn/sach-giao-trinh-dam-phan-quoc-te-tai-ban-lan-thu-nhat-p276353637.html?spid=279339383
REPO_UEH_61090,84,ueh_repository,Nâng cao chất lượng dịch vụ công nghệ thông tin của Trung tâm Phần mềm Viettel 1 - chi nhánh Tập đoàn Công nghiệp - Viễn thông Quân đội,https://digital.lib.ueh.edu.vn/handle/UEH/61090
REPO_UEH_61534,85,ueh_repository,"Nghiên cứu các yếu tố ảnh hưởng đến sự hài lòng của người dân đối với dịch vụ hành chính công tại Uỷ ban nhân dân phường Tân Quy, Quận 7, Thành phố Hồ Chí Minh",https://digital.lib.ueh.edu.vn/handle/UEH/61534
REPO_UEH_62150,86,ueh_repository,Giải pháp nâng cao chất lượng đào tạo tại Trường Đại học Giao thông Vận tải Phân hiệu tại Thành phố Hồ Chí Minh,https://digital.lib.ueh.edu.vn/handle/UEH/62150
REPO_UEH_62589,87,ueh_repository,"Pháp luật về xử phạt vi phạm hành chính về xử lý nước thải-thực tiễn áp dụng đối với các cơ sở sản xuất, kinh doanh tại thị xã La Gi, tỉnh Bình Thuận",https://digital.lib.ueh.edu.vn/handle/UEH/62589
REPO_UEH_62618,88,ueh_repository,Phân tích các nhân tố ảnh hưởng đến ý định mua hàng trực tuyến của người tiêu dùng tại tỉnh Nam Định,https://digital.lib.ueh.edu.vn/handle/UEH/62618
REPO_UEH_62646,89,ueh_repository,Các nhân tố ảnh hưởng đến tính minh bạch của thông tin trên báo cáo tài chính của các công ty niêm yết có vốn đầu tư nước ngoài trên Sàn Giao dịch Chứng khoán TP. HCM,https://digital.lib.ueh.edu.vn/handle/UEH/62646
REPO_UEH_62783,90,ueh_repository,Mối quan hệ giữa các tác nhân trong logistics ngược và kết quả kinh tế: Nghiên cứu trường hợp doanh nghiệp bán lẻ hàng điện tử tại Thành phố Đà Nẵng,https://digital.lib.ueh.edu.vn/handle/UEH/62783
REPO_UEH_62794,91,ueh_repository,Thực hiện tiết kiệm chi kinh phí quản lý hành chính tại Sở Tài chính tỉnh Bà Rịa - Vũng Tàu,https://digital.lib.ueh.edu.vn/handle/UEH/62794
REPO_UEH_63321,92,ueh_repository,Nghiên cứu sự ảnh hưởng của các áp lực công việc đối với hành vi bán hàng phi đạo đức trường hợp ngành bảo hiểm nhân thọ tại Việt Nam,https://digital.lib.ueh.edu.vn/handle/UEH/63321
REPO_UEH_63482,93,ueh_repository,Giải pháp hoàn thiện hoạt động quản lý kho hàng tại công ty TNHH Olam Việt Nam,https://digital.lib.ueh.edu.vn/handle/UEH/63482
REPO_UEH_63818,94,ueh_repository,Risks and supply chain performance: globalization and COVID-19 perspectives,https://digital.lib.ueh.edu.vn/handle/UEH/63818
TIKI_168780451,95,tiki_book,"Thị Trường, Nhà Nước Và Người Dân: Kinh Tế Học Về Chính Sách Công",https://tiki.vn/thi-truong-nha-nuoc-va-nguoi-dan-kinh-te-hoc-ve-chinh-sach-cong-p168780451.html?spid=168780452
TIKI_187311134,96,tiki_book,"Tài Liệu Hướng Dẫn Tổ Chức Các Cuộc Họp, Quản Lý Hội Nghị, Hội Thảo Và Chế Độ Họp Trong Hoạt Động Quản Lý, Điều Hành Của Cơ Quan Hành Chính, Doanh Nghiệp",https://tiki.vn/tai-lieu-huong-dan-to-chuc-cac-cuoc-hop-quan-ly-hoi-nghi-hoi-thao-va-che-do-hop-trong-hoat-dong-quan-ly-dieu-hanh-cua-co-quan-hanh-chinh-doanh-nghiep-p187311134.html?spid=214748804
TIKI_276849016,97,tiki_book,- Thuật Đàm Phán - Negotiation (Tái Bản 2024),https://tiki.vn/sach-thuat-dam-phan-negotiation-tai-ban-2024-p276849016.html?spid=276849017
TIKI_277165601,98,tiki_book,CFO Quản Trị Tài Chính Công Ty Cổ Phần,https://tiki.vn/cfo-quan-tri-tai-chinh-cong-ty-co-phan-p277165601.html?spid=277165602
TIKI_277922533,99,tiki_book,Quản Lý Vận Hành Nhà Hàng,https://tiki.vn/quan-ly-van-hanh-nha-hang-p277922533.html?spid=277922534
TIKI_279112554,100,tiki_book,- Right to Win For Vietnamese Agriculture - AgriS And Betrimex’s Path To Success In The Global Supply Chain,https://tiki.vn/sach-right-to-win-for-vietnamese-agriculture-agris-and-betrimex-s-path-to-success-in-the-global-supply-chain-p279112554.html?spid=279112555
TIKI_279297816,101,tiki_book,"Tra Cứu Mức Xử Phạt Vi Phạm Hành Chính Về Thuế, Hóa Đơn – Quy Định Mới Về Luật Quản Lý Thuế (V2675T)",https://tiki.vn/sach-tra-cuu-muc-xu-phat-vi-pham-hanh-chinh-ve-thue-hoa-don-quy-dinh-moi-ve-luat-quan-ly-thue-v2675t-p279297816.html?spid=279297817
REPO_UEH_61233,102,ueh_repository,"Đánh giá tác động của sự hiện diện xã hội, sự hiện diện giảng dạy và sự hiện diện nhận thức đến sự hài lòng của học viên trong học tập trực tuyến tại Thành phố Hồ Chí Minh",https://digital.lib.ueh.edu.vn/handle/UEH/61233
REPO_UEH_61235,103,ueh_repository,Giải pháp nâng cao chất lượng thẩm định tín dụng khách hàng cá nhân tại Ngân hàng Thương mại Cổ phần Tiên Phong - Khu vực phía Nam,https://digital.lib.ueh.edu.vn/handle/UEH/61235
REPO_UEH_61273,104,ueh_repository,"Ảnh hưởng của lòng tin, công bằng tương tác, quyền sở hữu tâm lý và vai trò trung gian của gắn kết cảm xúc đến hành vi chia sẻ tri thức trong các công ty tự động hóa tại Thành phố Hồ Chí Minh",https://digital.lib.ueh.edu.vn/handle/UEH/61273
REPO_UEH_61333,105,ueh_repository,Phân tích các yếu tố ảnh hưởng tới việc hoàn thành dự án đầu tư theo hình thức đối tác công tư (PPP) tại thành phố Hồ Chí Minh,https://digital.lib.ueh.edu.vn/handle/UEH/61333
REPO_UEH_61960,106,ueh_repository,Different firm responses to the COVID-19 pandemic shocks: machine-learning evidence on the Vietnamese labor market,https://digital.lib.ueh.edu.vn/handle/UEH/61960
REPO_UEH_62539,107,ueh_repository,Định vị hệ thống ngân hàng Việt Nam trong kỷ nguyên chuyển đổi số,https://digital.lib.ueh.edu.vn/handle/UEH/62539
REPO_UEH_63133,108,ueh_repository,"Đánh giá ảnh hưởng của xâm nhập mặn đến thu nhập của nông dân ở huyện Cần Đước, tỉnh Long An",https://digital.lib.ueh.edu.vn/handle/UEH/63133
REPO_UEH_63172,109,ueh_repository,Giải pháp thu hút khách hàng tiềm năng nhằm gia tăng nguồn thu ngân sách nhà nước tại Cục Hải quan tỉnh Bà Rịa – Vũng Tàu,https://digital.lib.ueh.edu.vn/handle/UEH/63172
REPO_UEH_63520,110,ueh_repository,"Các yếu tố ảnh hưởng đến hiệu quả đầu tư công tại huyện Trần Đề, tỉnh Sóc Trăng",https://digital.lib.ueh.edu.vn/handle/UEH/63520
REPO_UEH_63558,111,ueh_repository,"Chính sách tiền tệ, nắm giữ tiền mặt và đầu tư doanh nghiệp: Bằng chứng thực nghiệm tại Việt Nam",https://digital.lib.ueh.edu.vn/handle/UEH/63558
REPO_UEH_63680,112,ueh_repository,Quản lý vốn ngân sách nhà nước đối với dự án đầu tư xây dựng các tuyến đường sắt đô thị tại Thành phố Hồ Chí Minh,https://digital.lib.ueh.edu.vn/handle/UEH/63680
REPO_UEH_63911,113,ueh_repository,"Tác động của tính bảo mật, sự riêng tư, danh tiếng của nhà cung cấp và thái độ của người tiêu dùng đến ý định mua sắm trực tuyến",https://digital.lib.ueh.edu.vn/handle/UEH/63911
REPO_UEH_63932,114,ueh_repository,"Ảnh hưởng của một số tính cách đến dự định đầu tư cổ phiếu của các nhà đầu tư cá nhân trên thị trường chứng khoán Việt Nam: Vai trò trung gian của nhận thức rủi ro, nhận thức không chắc chắn và kết quả đầu tư",https://digital.lib.ueh.edu.vn/handle/UEH/63932
TIKI_196193408,115,tiki_book,TRIẾT LÝ ĐẦU TƯ CỦA WARREN BUFFETT - Glen Arnold (tác giả bán chạy số 1 với The financial guide to investing) – 1980books – bìa mềm,https://tiki.vn/triet-ly-dau-tu-cua-warren-buffett-glen-arnold-tac-gia-ban-chay-so-1-voi-the-financial-guide-to-investing-1980books-bia-mem-p196193408.html?spid=277074546
TIKI_202217457,116,tiki_book,THE LITTLE BOOK - Quản trị rủi ro trong đầu tư chứng khoán,https://tiki.vn/the-little-book-quan-tri-rui-ro-trong-dau-tu-chung-khoan-p202217457.html?spid=202217458
TIKI_252989968,117,tiki_book,"Kinh doanh sành luật (Áp dụng Luật doanh nghiệp năm 2020, sửa đổi, bổ sung năm 2022 và quy định liên quan)(Xuất bản lần thứ hai, có sửa chữa, bổ sung)",https://tiki.vn/kinh-doanh-sanh-luat-ap-dung-luat-doanh-nghiep-nam-2020-sua-doi-bo-sung-nam-2022-va-quy-dinh-lien-quan-xuat-ban-lan-thu-hai-co-sua-chua-bo-sung-p252989968.html?spid=252989969
TIKI_271979223,118,tiki_book,"Nghiệp Vụ Quản Lý Thu Chi Thường Xuyên Giao Tự Chủ và Thực Hiện Mua Sắm Trang Thiết Bị, Bảo Trì, Sửa chữa Cơ Sở Vật Chất Trong Trường Học - V2266T",https://tiki.vn/sach-nghiep-vu-quan-ly-thu-chi-thuong-xuyen-giao-tu-chu-va-thuc-hien-mua-sam-trang-thiet-bi-bao-tri-sua-chua-co-so-vat-chat-trong-truong-hoc-v2266t-p271979223.html?spid=271979224
TIKI_277941175,119,tiki_book,Luật Đầu tư công 2024,https://tiki.vn/luat-dau-tu-cong-hien-hanh-sua-doi-bo-sung-nam-2020-2022-p277941175.html?spid=277941178
TIKI_278496130,120,tiki_book,Thanh Gươm Diệt Quỷ - 9- Đại Chiến Dịch Xâm Nhập Phố Đèn Đỏ,https://tiki.vn/thanh-guom-diet-quy-tap-1-tan-khoc-p278496130.html?spid=278496147
TIKI_279380903,121,tiki_book,Giáo trình Thị giác máy tính,https://tiki.vn/giao-trinh-thi-giac-may-tinh-p279380903.html?spid=279380904
TIKI_36827338,122,tiki_book,Chiến Lược Đầu Tư Chứng Khoán (Tái Bản 2018) [Sách Tài Chính & Đầu Tư / Tặng Kèm Postcard Greenlife],https://tiki.vn/chien-luoc-dau-tu-chung-khoan-tai-ban-2018-sach-tai-chinh-dau-tu-tang-kem-postcard-greenlife-p36827338.html?spid=36827339
TIKI_402995,123,tiki_book,Quản Trị Rủi Ro Xí Nghiệp Trong Nền Kinh Tế Toàn Cầu,https://tiki.vn/sach-quan-tri-rui-ro-xi-nghiep-trong-nen-kinh-te-toan-cau-p402995.html?spid=89424688
TIKI_403233,124,tiki_book,Hệ Thống Thông Tin Kế Toán (Tập 3),https://tiki.vn/sach-he-thong-thong-tin-ke-toan-tap-3-p403233.html?spid=89424675
TIKI_651754,125,tiki_book,"Hướng Dẫn Soạn Thảo Hợp Đồng Theo Bộ Luật Dân Sự Số 91/2015/QH13: Kinh Nghiệm Soạn Thảo, Xử Lý Tranh Chấp, Biện Pháp Phòng Tránh Rủi Ro Pháp Lý",https://tiki.vn/sach-huong-dan-soan-thao-hop-dong-theo-bo-luat-dan-su-so-91-2015-qh13-kinh-nghiem-soan-thao-xu-ly-tranh-chap-bien-phap-phong-tranh-rui-ro-phap-ly-p651754.html?spid=652119
TIKI_75618660,126,tiki_book,Mật Mã Và An Toàn Thông Tin - Lý Thuyết Và Ứng Dụng,https://tiki.vn/mat-ma-va-an-toan-thong-tin-ly-thuyet-va-ung-dung-p75618660.html?spid=75618661
REPO_UEH_61159,127,ueh_repository,Quản lý rủi ro tác nghiệp đối với hoạt động tín dụng tại Ngân hàng TMCP Công thương Việt Nam chi nhánh Cần Thơ,https://digital.lib.ueh.edu.vn/handle/UEH/61159
REPO_UEH_61354,128,ueh_repository,Các nhân tố ảnh hưởng đến chất lượng hệ thống thông tin kế toán của các đơn vị sự nghiệp y tế công lập tại thành phố Hồ Chí Minh,https://digital.lib.ueh.edu.vn/handle/UEH/61354
REPO_UEH_62533,129,ueh_repository,Rủi ro an ninh mạng trong hoạt động ngân hàng số: trường hợp Việt Nam,https://digital.lib.ueh.edu.vn/handle/UEH/62533
REPO_UEH_62541,130,ueh_repository,Xây dựng thị trường chứng khoán phi tập trung dựa trên công nghệ Blockchain,https://digital.lib.ueh.edu.vn/handle/UEH/62541
REPO_UEH_62651,131,ueh_repository,Ảnh hưởng của hệ thống hoạch định nguồn lực doanh nghiệp (ERP) đến kế toán quản trị trong các doanh nghiệp tại TP. HCM,https://digital.lib.ueh.edu.vn/handle/UEH/62651
REPO_UEH_62975,132,ueh_repository,Hoàn thiện hệ thống quản lý chất lượng tích hợp tại Công ty Cổ phần Mỹ phẩm Sài Gòn (SCC),https://digital.lib.ueh.edu.vn/handle/UEH/62975
REPO_UEH_63148,133,ueh_repository,Các nhân tố ảnh hưởng đến chất lượng thông tin kế toán tại các doanh nghiệp dịch vụ ứng dụng hệ thống hoạch định nguồn lực doanh nghiệp (ERP) trên địa bàn khu vực Đông Nam Bộ,https://digital.lib.ueh.edu.vn/handle/UEH/63148
REPO_UEH_63276,134,ueh_repository,Các nhân tố ảnh hưởng đến sự thỏa mãn của nhân viên kế toán trong việc sử dụng hệ thống hoạch định nguồn lực doanh nghiệp (ERP) ở các doanh nghiệp tại TP. Hồ Chí Minh,https://digital.lib.ueh.edu.vn/handle/UEH/63276
REPO_UEH_63411,135,ueh_repository,Các yếu tố ảnh hưởng đến sự chấp nhận và truyền miệng điện tử (E-WOM) dịch vụ thanh toán điện tử của người tiêu dùng tại Thành phố Hồ Chí Minh,https://digital.lib.ueh.edu.vn/handle/UEH/63411
TIKI_202028583,136,tiki_book,Phân Tích Dữ Liệu Với R (Tái Bản 2022),https://tiki.vn/sach-phan-tich-du-lieu-voi-r-tai-ban-2022-p202028583.html?spid=247795504
TIKI_2287441,137,tiki_book,​Fintech 4.0 - Những Điển Hình Thành Công Trong Cuộc Cách Mạng Công Nghệ Tài Chính,https://tiki.vn/sach-fintech-4-0-nhung-dien-hinh-thanh-cong-trong-cuoc-cach-mang-cong-nghe-tai-chinh-p2287441.html?spid=2287663
TIKI_254139138,138,tiki_book,"Giáo Trình Kinh Tế Thương Mại - Dịch Vụ Dành Cho Nghành Kinh Tế, Logistics Và Quản Trị Kinh Doanh",https://tiki.vn/giao-trinh-kinh-te-thuong-mai-dich-vu-danh-cho-nghanh-kinh-te-logistics-va-quan-tri-kinh-doanh-p254139138.html?spid=254139139
TIKI_277181136,139,tiki_book,Quản lý rủi ro nợ công ở Nhật Bản,https://tiki.vn/quan-ly-rui-ro-no-cong-o-nhat-ban-p277181136.html?spid=277181137
TIKI_278632652,140,tiki_book,Hệ Thống Thông Tin Trong Y Tế,https://tiki.vn/sach-he-thong-thong-tin-trong-y-te-p278632652.html?spid=278632655
TIKI_279286687,141,tiki_book,- Đơn Vị Hành Chính Việt Nam - Sau Sắp Xếp Và Vận Hành Chính Quyền Địa Phương Hai Cấp,https://tiki.vn/sach-don-vi-hanh-chinh-viet-nam-sau-sap-xep-va-van-hanh-chinh-quyen-dia-phuong-hai-cap-p279286687.html?spid=279286688
TIKI_5563321,142,tiki_book,"Bùng Nổ Bitcoin - Công Nghệ Blockchain, Fintech 4.0 hay Bong Bóng?",https://tiki.vn/bung-no-bitcoin-cong-nghe-blockchain-fintech-4-0-hay-bong-bong-p5563321.html?spid=20485533
REPO_UEH_62706,143,ueh_repository,Xây dựng các chiến lược phát triển kinh doanh giai đoạn 2020 - 2025 của Công ty Cổ phần Đầu tư Bất động sản Hưng Lộc Phát,https://digital.lib.ueh.edu.vn/handle/UEH/62706
REPO_UEH_62779,144,ueh_repository,Nhân tố tác động đến mức độ công bố thông tin kế toán trong mối liên hệ với năng lực cạnh tranh – Bằng chứng thực nghiệm tại các doanh nghiệp xây dựng và kinh doanh bất động sản niêm yết trên Thị trường Chứng khoán Việt Nam,https://digital.lib.ueh.edu.vn/handle/UEH/62779
REPO_UEH_63717,145,ueh_repository,Các yếu tố tài chính tác động đến rủi ro phá sản của các doanh nghiệp ngành xây dựng và bất động sản niêm yết trên thị trường chứng khoán Việt Nam,https://digital.lib.ueh.edu.vn/handle/UEH/63717
TIKI_209431131,146,tiki_book,Đầu tư bất động sản (Tái bản 2021) - Bản Quyền,https://tiki.vn/dau-tu-bat-dong-san-tai-ban-2021-ban-quyen-p209431131.html?spid=209431132
TIKI_273587041,147,tiki_book,Luật Kinh doanh bất động sản (Hiện hành),https://tiki.vn/luat-kinh-doanh-bat-dong-san-hien-hanh-sua-doi-bo-sung-nam-2020-p273587041.html?spid=273587042
TIKI_273891502,148,tiki_book,LUẬT KINH DOANH BẤT ĐỘNG SẢN - LUẬT CĂN CƯỚC - LUẬT VIỄN THÔNG - NXB Chính Trị Quốc Gia Sự Thật,https://tiki.vn/luat-kinh-doanh-bat-dong-san-luat-can-cuoc-luat-vien-thong-nxb-chinh-tri-quoc-gia-su-that-p273891502.html?spid=273891506
TIKI_275863881,149,tiki_book,6 Bí Quyết Quản Lý Dự Án Hiệu Quả,https://tiki.vn/sach-6-bi-quyet-quan-ly-du-an-hieu-qua-p275863881.html?spid=275863882
TIKI_277426522,150,tiki_book,Luật Kinh doanh bất động sản và văn bản hướng dẫn thi hành,https://tiki.vn/luat-kinh-doanh-bat-dong-san-va-van-ban-huong-dan-thi-hanh-p277426522.html?spid=277426523
REPO_UEH_61115,151,ueh_repository,Phân tích các yếu tố tác động đến việc định dưới giá của cổ phiếu khi IPO trên thị trường chứng khoán Việt Nam,https://digital.lib.ueh.edu.vn/handle/UEH/61115
REPO_UEH_61861,152,ueh_repository,Stable and finite Morse index solutions of a nonlinear Schrödinger system,https://digital.lib.ueh.edu.vn/handle/UEH/61861
REPO_UEH_62149,153,ueh_repository,Tác động của việc triển khai thị trường chứng khoán phái sinh lên độ biến động chỉ số cơ sở VN30 tại Việt Nam,https://digital.lib.ueh.edu.vn/handle/UEH/62149
REPO_UEH_62699,154,ueh_repository,Quản lý chất lượng toàn diện (TQM) và kết quả chất lượng: Vai trò trung gian của năng lực hấp thụ công nghệ và văn hóa sáng tạo,https://digital.lib.ueh.edu.vn/handle/UEH/62699
REPO_UEH_62804,155,ueh_repository,Ảnh hưởng thương hiệu người nổi tiếng trực tuyến lên động lực tham gia của khách hàng: hành vi tương tác ảo và dự định mua hàng,https://digital.lib.ueh.edu.vn/handle/UEH/62804
REPO_UEH_62930,156,ueh_repository,Ảnh hưởng của thông tin kế toán trên báo cáo tài chính đến giá cổ phiếu của các công ty niêm yết trên thị trường chứng khoán Thành phố Hồ Chí Minh,https://digital.lib.ueh.edu.vn/handle/UEH/62930
REPO_UEH_63028,157,ueh_repository,Giải pháp phát triển quỹ đầu tư phát triển tỉnh Bà Rịa - Vũng Tàu,https://digital.lib.ueh.edu.vn/handle/UEH/63028
TIKI_11860704,158,tiki_book,Combo Marketing Căn Bản và Tiếp thị 4.0 - Dịch Chuyển Từ Truyền Thống Sang Công Nghệ Số ( Tặng Kèm Sổ Tay),https://tiki.vn/combo-marketing-can-ban-va-tiep-thi-4-0-dich-chuyen-tu-truyen-thong-sang-cong-nghe-so-tang-kem-so-tay-p11860704.html?spid=11860705
TIKI_122489015,159,tiki_book,"Content Marketing 4.0: Nội dung hay, bán bay kho hàng (Tặng kèm khóa học online)",https://tiki.vn/content-marketing-4-0-noi-dung-hay-ban-bay-kho-hang-tang-kem-khoa-hoc-online-p122489015.html?spid=164092081
TIKI_166192406,160,tiki_book,Mô Hình Đất Nền Địa Kỹ Thuật Ứng Dụng Trong Plaxis Software - Tập 1,https://tiki.vn/sach-mo-hinh-dat-nen-dia-ky-thuat-ung-dung-trong-plaxis-software-tap-1-p166192406.html?spid=177136415
TIKI_198215131,161,tiki_book,"UX RESEARCH-Thấu Hiểu Người Dùng, Ung Dung Chiến Thắng",https://tiki.vn/sach-ux-research-thau-hieu-nguoi-dung-ung-dung-chien-thang-p198215131.html?spid=198215132
TIKI_208437274,162,tiki_book,Combo Phân tích chứng khoán+Tâm lý thị trường chứng khoán+Chiến lược đầu tư chứng khoán (3 Cuốn) - Alphabooks,https://tiki.vn/sach-combo-phan-tich-chung-khoan-tam-ly-thi-truong-chung-khoan-chien-luoc-dau-tu-chung-khoan-3-cuon-alphabooks-p208437274.html?spid=277159676
TIKI_22885082,163,tiki_book,Combo Sách Kinh Doanh Hay : Ideal Man Người Hùng Ý Tưởng + The Art Of Strategy - Nghệ Thuật Tư Duy Chiến Lược - Tặng Kèm Postcard HAPPY LIFE,https://tiki.vn/combo-sach-kinh-doanh-hay-ideal-man-nguoi-hung-y-tuong-the-art-of-strategy-nghe-thuat-tu-duy-chien-luoc-tang-kem-postcard-happy-life-p22885082.html?spid=277115113
TIKI_242789587,164,tiki_book,Thực hành Phân tích Fibonacci - Hướng dẫn Phương pháp Fibonacci từ Nhà Quản Lý Quỹ kiêm Học giả CMT,https://tiki.vn/thuc-hanh-phan-tich-fibonacci-huong-dan-phuong-phap-fibonacci-tu-nha-quan-ly-quy-kiem-hoc-gia-cmt-p242789587.html?spid=242789588
TIKI_65587899,165,tiki_book,Thị Trường Chứng Khoán,https://tiki.vn/thi-truong-chung-khoan-p65587899.html?spid=66567443
REPO_UEH_61101,166,ueh_repository,Giải pháp tài chính trong quản lý vốn lưu động nhằm nâng cao hiệu quả hoạt động tại Công ty Cổ phần QH Plus giai đoạn năm 2020 – 2025,https://digital.lib.ueh.edu.vn/handle/UEH/61101
REPO_UEH_61442,167,ueh_repository,Tác động của sự tham gia của kế toán vào quá trình ra quyết định chiến lược đến việc vận dụng thông tin kế toán quản trị nhằm nâng cao hiệu quả tài chính cho doanh nghiệp Việt Nam,https://digital.lib.ueh.edu.vn/handle/UEH/61442
REPO_UEH_62670,168,ueh_repository,Phân tích triển vọng và định giá doanh nghiệp tại tập đoàn Vingroup,https://digital.lib.ueh.edu.vn/handle/UEH/62670
REPO_UEH_62787,169,ueh_repository,Các yếu tố ảnh hưởng đến quá trình chia sẻ tri thức và năng lực đổi mới của tổ chức: nghiên cứu trường hợp các công ty công nghệ thông tin phần mềm tại Thành phố Hồ Chí Minh,https://digital.lib.ueh.edu.vn/handle/UEH/62787
REPO_UEH_63077,170,ueh_repository,Các nhân tố ảnh hưởng đến sự hài lòng của đối tượng cung cấp thông tin về điều tra thống kê tại Cục Thống kê tỉnh Long An,https://digital.lib.ueh.edu.vn/handle/UEH/63077
REPO_UEH_63406,171,ueh_repository,Các nhân tố ảnh hưởng đến nhu cầu sử dụng dịch vụ kế toán của các doanh nghiệp dùng kế toán đám mây trên địa bàn TP. Hồ Chí Minh,https://digital.lib.ueh.edu.vn/handle/UEH/63406
TIKI_252401956,172,tiki_book,PHƯƠNG PHÁP QUẢN TRỊ VỐN TRONG ĐẦU TƯ CHỨNG KHOÁN (Money Management System),https://tiki.vn/phuong-phap-quan-tri-von-trong-dau-tu-chung-khoan-money-management-system-p252401956.html?spid=252401957
TIKI_271319520,173,tiki_book,Giáo trình kỹ nghệ phần mềm,https://tiki.vn/giao-trinh-ky-nghe-phan-mem-p271319520.html?spid=271319521
TIKI_273024271,174,tiki_book,The Finance Book - Tài Chính Doanh Nghiệp,https://tiki.vn/the-finance-book-tai-chinh-doanh-nghiep-p273024271.html?spid=273024272
TIKI_273585809,175,tiki_book,Công Nghệ Thông Tin- Giáo Trình C++ Và Lập Trình Hướng Đối Tượng,https://tiki.vn/sach-cong-nghe-thong-tin-giao-trinh-c-va-lap-trinh-huong-doi-tuong-p273585809.html?spid=277460817
TIKI_274411010,176,tiki_book,Ứng Dụng Phân Tích Báo Cáo Tài Chính Và Định Giá Doanh Nghiệp Trong Thực Tiễn,https://tiki.vn/sach-ung-dung-phan-tich-bao-cao-tai-chinh-va-dinh-gia-doanh-nghiep-trong-thuc-tien-p274411010.html?spid=274411011
TIKI_5929511,177,tiki_book,Cố Định Một Đám Mây,https://tiki.vn/sach-co-dinh-mot-dam-may-p5929511.html?spid=5929513
TIKI_91515694,178,tiki_book,Phân tích tài chính doanh nghiệp Tai bản lần thứ 5 - chỉnh sửa bổ sung năm 2021 (Tái bản 2022),https://tiki.vn/phan-tich-tai-chinh-doanh-nghiep-tai-ban-lan-thu-5-chinh-sua-bo-sung-nam-2021-tai-ban-2022-p91515694.html?spid=91515695
REPO_UEH_61136,179,ueh_repository,Nghiên cứu xây dựng hệ thống lưu trữ và truy xuất thông tin bất động sản dựa vào công nghệ Blockchain và Smart contract,https://digital.lib.ueh.edu.vn/handle/UEH/61136
REPO_UEH_61148,180,ueh_repository,Thực trạng thực thi pháp luật về quy hoạch đô thị trên địa bàn tỉnh Cà Mau,https://digital.lib.ueh.edu.vn/handle/UEH/61148
REPO_UEH_61393,181,ueh_repository,Tác động của cơ sở hạ tầng quản trị tri thức đến sự hài lòng của người lao động: trường hợp các Giảng viên tại các trường Đại học ở TP.Hồ Chí Minh,https://digital.lib.ueh.edu.vn/handle/UEH/61393
REPO_UEH_61467,182,ueh_repository,"Đánh giá tác động của các yếu tố văn hóa tổ chức đến hành vi chia sẻ tri thức trong cán bộ, công chức khối Dân – Chính – Đảng Thành phố Hồ Chí Minh",https://digital.lib.ueh.edu.vn/handle/UEH/61467
REPO_UEH_61516,183,ueh_repository,Ảnh hưởng của hoạt động quản trị tài chính và lợi thế cạnh tranh lên hiệu quả vốn vay trường hợp các tổ chức tín dụng tại Thành Phố Hồ Chí Minh,https://digital.lib.ueh.edu.vn/handle/UEH/61516
REPO_UEH_61685,184,ueh_repository,Thống kê trong kinh tế và kinh doanh. Chương 2: Thống kê mô tả - Trình bày bằng bảng đồ và đồ thị,https://digital.lib.ueh.edu.vn/handle/UEH/61685
REPO_UEH_62660,185,ueh_repository,Phân tích chi phí - hiệu quả trong điều trị thoái hóa khớp gối bằng phương pháp tiêm nội khớp Hyaluronic Acid và điều trị dùng thuốc thường quy tại Bệnh viện Vạn Hạnh năm 2019,https://digital.lib.ueh.edu.vn/handle/UEH/62660
REPO_UEH_62665,186,ueh_repository,Các nhân tố ảnh hưởng đến việc áp dụng kế toán quản trị chiến lược và sự tác động đến thành quả hoạt động tại các doanh nghiệp sản xuất – nghiên cứu ở khu vực Đông Nam Bộ -Việt Nam,https://digital.lib.ueh.edu.vn/handle/UEH/62665
REPO_UEH_62721,187,ueh_repository,Thực trạng ứng dụng ERP vào quản trị nhân sự tại Công ty Tài chính TNHH HD SAISON,https://digital.lib.ueh.edu.vn/handle/UEH/62721
REPO_UEH_63042,188,ueh_repository,Các nhân tố ảnh hưởng đến chất lượng báo cáo nghiên cứu khả thi dự án đầu tư: trường hợp các dự án đường sắt đô thị tại Thành phố Hồ Chí Minh,https://digital.lib.ueh.edu.vn/handle/UEH/63042
REPO_UEH_63123,189,ueh_repository,Giải pháp hoàn thiện marketing dịch vụ ngân hàng bán lẻ tại Ngân hàng Thương Mại Cổ Phần Công Thương Việt Nam – CN 10 TP. HCM,https://digital.lib.ueh.edu.vn/handle/UEH/63123
REPO_UEH_63734,190,ueh_repository,Các nhân tố ảnh hưởng đến công bố báo cáo phát triển bền vững tại các công ty kinh doanh xăng dầu trực thuộc Tập đoàn Xăng dầu Việt Nam,https://digital.lib.ueh.edu.vn/handle/UEH/63734
REPO_UEH_63924,191,ueh_repository,Nghiên cứu về cảm tính nhà đầu tư trên thị trường chứng khoán Việt Nam,https://digital.lib.ueh.edu.vn/handle/UEH/63924
TIKI_175553095,192,tiki_book,Combo 2Q: Lãnh Đạo Và Văn Hóa Doanh Nghiệp + How Management Works - Hiểu Hết Về Quản Lý (Sách Quản Lý/Quản Trị Nhân Lực Thành Công),https://tiki.vn/combo-2q-lanh-dao-va-van-hoa-doanh-nghiep-how-management-works-hieu-het-ve-quan-ly-sach-quan-ly-quan-tri-nhan-luc-thanh-cong-p175553095.html?spid=248912429
TIKI_185044605,193,tiki_book,Quản trị chiến lược ( Strategic Management),https://tiki.vn/quan-tri-chien-luoc-strategic-management-p185044605.html?spid=185044606
TIKI_187791770,194,tiki_book,Quản trị học (Tái bản 2022),https://tiki.vn/quan-tri-hoc-tai-ban-2022-p187791770.html?spid=187791771
TIKI_209379477,195,tiki_book,Combo 2Q Quản Trị Nhân Sự: Kỹ Năng Quản Lý Nhân Sự Chuyên Nghiệp + Cẩm Nang Quản Lý - Quản Trị Những Thách Thức Trong Quản Lý - Harvard Business Review,https://tiki.vn/combo-2q-quan-tri-nhan-su-ky-nang-quan-ly-nhan-su-chuyen-nghiep-cam-nang-quan-ly-quan-tri-nhung-thach-thuc-trong-quan-ly-harvard-business-review-p209379477.html?spid=209379478
TIKI_273429543,196,tiki_book,Quản Trị Vận Hành Và Chuỗi Cung Ứng (Ấn Bản Lần Thứ 16),https://tiki.vn/quan-tri-van-hanh-va-chuoi-cung-ung-an-ban-lan-thu-16-p273429543.html?spid=273429544
TIKI_275873742,197,tiki_book,"Tây Ban Nha Ấn Tượng Kiến Trúc Xưa Và Nay (In màu) - Đặng Thái Hoàng, Bùi Phương Nga",https://tiki.vn/tay-ban-nha-an-tuong-kien-truc-xua-va-nay-in-mau-dang-thai-hoang-bui-phuong-nga-p275873742.html?spid=275873743
TIKI_276458529,198,tiki_book,Nghiên Cứu Trong Marketing,https://tiki.vn/nghien-cuu-trong-marketing-p276458529.html?spid=276458530
TIKI_278453817,199,tiki_book,"- Luật sửa đổi, bổ sung một số điều của Luật Quy hoạch, Luật Đầu tư, Luật Đầu tư theo phương thức đối tác công tư",https://tiki.vn/sach-luat-sua-doi-bo-sung-mot-so-dieu-cua-luat-quy-hoach-luat-dau-tu-luat-dau-tu-theo-phuong-thuc-doi-tac-cong-tu-p278453817.html?spid=278453818
TIKI_279371862,200,tiki_book,- Quản Trị Tài Chính,https://tiki.vn/sach-quan-tri-tai-chinh-p279371862.html?spid=279371863
TIKI_279406046,201,tiki_book,Giáo Trình Marketing Dịch Vụ Tài Chính Ngân Hàng - TS. Phạm Thu Thuỷ - Học Viện Ngân Hàng,https://tiki.vn/sach-giao-trinh-marketing-dich-vu-tai-chinh-ngan-hang-ts-pham-thu-thuy-hoc-vien-ngan-hang-p279406046.html?spid=279406047
TIKI_53259393,202,tiki_book,- Mẹ Bỉm Sữa Kinh Doanh Online DL,https://tiki.vn/sach-me-bim-sua-kinh-doanh-online-dl-p53259393.html?spid=53259395
TIKI_533012,203,tiki_book,"Chế Độ Kế Toán Doanh Nghiệp - Quyển 2: Báo Cáo Tài Chính, Chứng Từ Và Sổ Kế Toán, Hệ Thống Sơ Đồ Kế Toán",https://tiki.vn/sach-che-do-ke-toan-doanh-nghiep-quyen-2-bao-cao-tai-chinh-chung-tu-va-so-ke-toan-he-thong-so-do-ke-toan-p533012.html?spid=166248020
TIKI_68554548,204,tiki_book,Quản Trị Marketing,https://tiki.vn/quan-tri-marketing-p68554548.html?spid=160793031
REPO_UEH_61300,205,ueh_repository,Công tác giám sát lập báo cáo tài chính của Ban kiểm soát và hoàn thiện với định hướng xây dựng Ủy ban kiểm toán tại Tổng công ty Cảng hàng không Việt Nam- CTCP (ACV),https://digital.lib.ueh.edu.vn/handle/UEH/61300
REPO_UEH_62738,206,ueh_repository,Giải pháp nâng cao chất lượng dịch vụ công ty TNHH kiểm toán KMF,https://digital.lib.ueh.edu.vn/handle/UEH/62738
TIKI_201855074,207,tiki_book,405 Tình huống kế toán tài chính (Tái bản lần 3),https://tiki.vn/405-tinh-huong-ke-toan-tai-chinh-tai-ban-lan-3-p201855074.html?spid=201855075
TIKI_274869688,208,tiki_book,Từ Điển Kế Toán Và Kiểm Toán Anh - Việt (Dictionary Of Accounting And Auditing),https://tiki.vn/tu-dien-ke-toan-va-kiem-toan-anh-viet-dictionary-of-accounting-and-auditing-p274869688.html?spid=275454707
TIKI_533036,209,tiki_book,Đạo Đức Nghề Nghiệp Của Kiểm Toán Viên Độc Lập,https://tiki.vn/sach-dao-duc-nghe-nghiep-cua-kiem-toan-vien-doc-lap-p533036.html?spid=89424691
REPO_UEH_61314,210,ueh_repository,Hoàn thiện hệ thống kế toán quản trị tại công ty CP Tagi Logistics,https://digital.lib.ueh.edu.vn/handle/UEH/61314
REPO_UEH_62647,211,ueh_repository,Các nhân tố ảnh hưởng đến việc áp dụng thẻ điểm khu vực công (PSS) – Nghiên cứu trong các đơn vị hành chính sự nghiệp tại Thành phố Hồ Chí Minh,https://digital.lib.ueh.edu.vn/handle/UEH/62647
REPO_UEH_62678,212,ueh_repository,Cân đối ngân sách nhà nước trong điều kiện áp dụng Luật Ngân sách Nhà nước năm 2015 – Trường hợp Thành phố Hồ Chí Minh,https://digital.lib.ueh.edu.vn/handle/UEH/62678
REPO_UEH_63072,213,ueh_repository,Phân tích các nhân tố ảnh hưởng đến mức độ hài lòng của đối tượng sử dụng thông tin thống kê tỉnh Long An,https://digital.lib.ueh.edu.vn/handle/UEH/63072
REPO_UEH_63346,214,ueh_repository,Hoàn thiện kiểm soát nội bộ chất lượng dịch vụ hành chính thuế tại Cục Thuế tỉnh Tiền Giang,https://digital.lib.ueh.edu.vn/handle/UEH/63346
REPO_UEH_63357,215,ueh_repository,Hoàn thiện tổ chức công tác kế toán tại Cục Thuế tỉnh Tiền Giang,https://digital.lib.ueh.edu.vn/handle/UEH/63357
REPO_UEH_63450,216,ueh_repository,Ảnh hưởng của chất lượng thông tin tới hành vi mua hàng ngẫu hứng trên sàn thương mại điện tử tại Việt Nam,https://digital.lib.ueh.edu.vn/handle/UEH/63450
TIKI_209601948,217,tiki_book,Thuế Và Kế Toán Thuế 2022 - Áp Dụng Cho Các Doanh nghiệp Việt Nam,https://tiki.vn/thue-va-ke-toan-thue-2022-ap-dung-cho-cac-doanh-nghiep-viet-nam-p209601948.html?spid=209601949
TIKI_276163364,218,tiki_book,"Luật ngân hàng nhà nước Việt Nam (hiện hành) (sửa đổi, bổ sung năm 2022)",https://tiki.vn/luat-ngan-hang-nha-nuoc-viet-nam-hien-hanh-sua-doi-bo-sung-nam-2022-p276163364.html?spid=276163365
TIKI_278159885,219,tiki_book,Thiết Kế Hệ Thống Học Máy,https://tiki.vn/sach-thiet-ke-he-thong-hoc-may-p278159885.html?spid=278159887
TIKI_278641815,220,tiki_book,Combo Quản Lý Công Nghệ Thông Tin Trong Y Tế + Hệ Thống Thông Tin Y Tế,https://tiki.vn/combo-quan-ly-cong-nghe-thong-tin-trong-y-te-he-thong-thong-tin-y-te-p278641815.html?spid=278641829
TIKI_278809094,221,tiki_book,"Luật Kiểm Toán Nhà Nước - Pháp Lệnh Xử Phạt Vi Phạm Hành Chính Trong Lĩnh Vực Kiểm Toán, Lập Thẩm Định Và Ban Hành Kế Hoạch Kiểm Toán",https://tiki.vn/luat-kiem-toan-nha-nuoc-phap-lenh-xu-phat-vi-pham-hanh-chinh-trong-linh-vuc-kiem-toan-lap-tham-dinh-va-ban-hanh-ke-hoach-kiem-toan-p278809094.html?spid=278809095
TIKI_279112556,222,tiki_book,- Quản Trị Dự Án dành cho Quản Lý Dự Án Không Chuyên - Project Management for the Unofficial Project Manager,https://tiki.vn/sach-quan-tri-du-an-danh-cho-quan-ly-du-an-khong-chuyen-project-management-for-the-unofficial-project-manager-p279112556.html?spid=279112557
TIKI_279113587,223,tiki_book,Combo 2 Sách - Ứng Dụng Chat GPT Trong Thương Mại Điện Tử + Xây Dựng Hệ Thống Bán Hàng Đa Kênh,https://tiki.vn/combo-2-sach-ung-dung-chat-gpt-trong-thuong-mai-dien-tu-xay-dung-he-thong-ban-hang-da-kenh-p279113587.html?spid=279113588
REPO_UEH_61324,224,ueh_repository,"Tác động của cảm nhận trách nhiệm xã hội doanh nghiệp đến hành vi xanh và hành vi đổi mới sáng tạo của nhân viên, trường hợp các doanh nghiệp dệt may trên địa bàn tỉnh Bình Dương",https://digital.lib.ueh.edu.vn/handle/UEH/61324
REPO_UEH_61417,225,ueh_repository,Hoàn thiện chiến lược cạnh tranh cho công ty trách nhiệm hữu hạn thực phẩm quốc tế Nam Dương,https://digital.lib.ueh.edu.vn/handle/UEH/61417
REPO_UEH_61691,226,ueh_repository,Giải pháp nâng cao sự thành công của các dự án nghiên cứu và phát triển sản phẩm mới trường hợp Công ty Cổ phần Marico South East Asia,https://digital.lib.ueh.edu.vn/handle/UEH/61691
REPO_UEH_62840,227,ueh_repository,"Phân tích kinh tế hiệu quả sản xuất lúa theo mô hình cánh đồng lớn tại huyện Châu Phú, tỉnh An Giang",https://digital.lib.ueh.edu.vn/handle/UEH/62840
REPO_UEH_63166,228,ueh_repository,Ứng dụng trí tuệ kinh doanh (Business Intelligence) trong việc hỗ trợ ra quyết định điều hành tại Câu lạc bộ Vietnam Golf & Country Club,https://digital.lib.ueh.edu.vn/handle/UEH/63166
REPO_UEH_63582,229,ueh_repository,Vai trò trung gian của động lực phục vụ công trong mối quan hệ giữa trách nhiệm xã hội cá nhân và ý định khởi nghiệp xã hội,https://digital.lib.ueh.edu.vn/handle/UEH/63582
TIKI_241791153,230,tiki_book,Bộ Công Cụ Tư Duy Thiết Kế,https://tiki.vn/sach-bo-cong-cu-tu-duy-thiet-ke-p241791153.html?spid=241791154
TIKI_278049242,231,tiki_book,Combo Đầu Tư Vào Vàng - Khoản Đầu Tư Tuyệt Đối An toàn Thiết Yếu Cho Mọi Danh Mục Đầu Tư (Alpha Books) + Chiến Lược Đầu Tư Vàng Sinh Lời (AZ Việt Nam),https://tiki.vn/combo-dau-tu-vao-vang-khoan-dau-tu-tuyet-doi-an-toan-thiet-yeu-cho-moi-danh-muc-dau-tu-alpha-books-chien-luoc-dau-tu-vang-sinh-loi-az-viet-nam-p278049242.html?spid=278049243
TIKI_278719586,232,tiki_book,Hành trình từ di sản đến phát triển công nghiệp văn hóa trong kinh tế sáng tạo,https://tiki.vn/hanh-trinh-tu-di-san-den-phat-trien-cong-nghiep-van-hoa-trong-kinh-te-sang-tao-p278719586.html?spid=278719587
TIKI_279135124,233,tiki_book,Emotional Intelligence – Dealing with Difficult People | Trí Tuệ Cảm Xúc: Ứng Xử Với Những Người Khó Hợp Tác | Harvard Business Review Press,https://tiki.vn/emotional-intelligence-dealing-with-difficult-people-tri-tue-cam-xuc-ung-xu-voi-nhung-nguoi-kho-hop-tac-harvard-business-review-press-p279135124.html?spid=279135125
TIKI_48629551,234,tiki_book,Khoa Học Khám Phá - Dữ Liệu Lớn (Tái Bản),https://tiki.vn/sach-khoa-hoc-kham-pha-du-lieu-lon-tai-ban-p48629551.html?spid=111176680
TIKI_5503097,235,tiki_book,Harvard Business Review - On Innovation - Đổi Mới Sáng Tạo,https://tiki.vn/sach-harvard-business-review-on-innovation-doi-moi-sang-tao-p5503097.html?spid=5503099
REPO_UEH_61638,236,ueh_repository,Tác động của quản trị tri thức đến kết quả công việc của nhân viên:|bnghiên cứu trường hợp tại Bảo hiểm xã hội Tỉnh Bình Dương,https://digital.lib.ueh.edu.vn/handle/UEH/61638
REPO_UEH_62556,237,ueh_repository,Rủi ro phí bảo hiểm và việc xác định khả năng thanh toán của các doanh nghiệp bảo hiểm phi nhân thọ tại Việt Nam,https://digital.lib.ueh.edu.vn/handle/UEH/62556
REPO_UEH_63650,238,ueh_repository,Giải pháp hoàn thiện chiến lược marketing mix tại Công ty Bảo hiểm nhân thọ Generali Việt Nam,https://digital.lib.ueh.edu.vn/handle/UEH/63650
TIKI_247287126,239,tiki_book,"Báo Cáo Tài Chính - Lập, Phân Tích Và Quản Trị Rủi Ro Về Thuế",https://tiki.vn/bao-cao-tai-chinh-lap-phan-tich-va-quan-tri-rui-ro-ve-thue-p247287126.html?spid=247287127
TIKI_259771506,240,tiki_book,Luật Kinh Doanh Bảo Hiểm,https://tiki.vn/luat-kinh-doanh-bao-hiem-p259771506.html?spid=259771507
TIKI_90527686,241,tiki_book,"Luật Kinh Doanh Bảo Hiểm (Hiện Hành) (Sửa Đổi, Bổ Sung Năm 2010, 2019) - Tái Bản",https://tiki.vn/luat-kinh-doanh-bao-hiem-hien-hanh-sua-doi-bo-sung-nam-2010-2019-tai-ban-p90527686.html?spid=259771435
REPO_UEH_63458,242,ueh_repository,Các nhân tố ảnh hưởng đến ứng dụng hệ thống kế toán dựa trên cơ sở hoạt động (activity-based costing) nghiên cứu ở các bệnh viện trên địa bàn Thành Phố Hồ Chí Minh,https://digital.lib.ueh.edu.vn/handle/UEH/63458
TIKI_23088719,243,tiki_book,Deep Learning - Cuộc Cách Mạng Học Sâu,https://tiki.vn/sach-deep-learning-cuoc-cach-mang-hoc-sau-p23088719.html?spid=23088720
TIKI_271520993,244,tiki_book,Thống Kê Ứng Dụng Trong Kinh Doanh (Kèm File CD Mềm) (KT),https://tiki.vn/thong-ke-ung-dung-trong-kinh-doanh-kem-file-cd-mem-_kt-p271520993.html?spid=271520994
TIKI_275706073,245,tiki_book,"Khoa Học Dữ Liệu Với Các Kỹ Thuật Học Máy (Cơ Bản) - Đỗ Như Tài, Cổ Tồn Minh Đăng, Lai Đình Khải, Nguyễn Quốc Huy",https://tiki.vn/khoa-hoc-du-lieu-voi-cac-ky-thuat-hoc-may-co-ban-do-nhu-tai-co-ton-minh-dang-lai-dinh-khai-nguyen-quoc-huy-p275706073.html?spid=275720769
REPO_UEH_61137,246,ueh_repository,Phân tích trải nghiệm khách hàng trực tuyến trong lĩnh vực khách sạn tiếp cận theo mô hình chủ đề,https://digital.lib.ueh.edu.vn/handle/UEH/61137
REPO_UEH_62483,247,ueh_repository,Kinh doanh thương mại trên nền tảng số của doanh nghiệp bán lẻ Việt Nam trước và trong dịch COVID-19,https://digital.lib.ueh.edu.vn/handle/UEH/62483
REPO_UEH_63554,248,ueh_repository,Các yếu tô ảnh hưởng đến hành vi mua hàng ngẫu hứng trên mạng xã hội,https://digital.lib.ueh.edu.vn/handle/UEH/63554
TIKI_149942445,249,tiki_book,Sức Mạnh Thương Mại Điện Tử - 12 Tháng Kiếm 1 Triệu Đô Bằng Kinh Doanh Online - Bộ Sách Trên Lưng Khổng Tượng,https://tiki.vn/suc-manh-thuong-mai-dien-tu-12-thang-kiem-1-trieu-do-bang-kinh-doanh-online-bo-sach-tren-lung-khong-tuong-p149942445.html?spid=149942446
TIKI_177767360,250,tiki_book,Combo 2Q: Hướng Dẫn Kiếm Tiền Trên TikTok + Cách Để Đạt 1 Triệu Follow Chỉ Trong 30 Ngày (Sách Kinh Doanh/Marketing/Mạng Xã Hội),https://tiki.vn/combo-2q-huong-dan-kiem-tien-tren-tiktok-cach-de-dat-1-trieu-follow-chi-trong-30-ngay-sach-kinh-doanh-marketing-mang-xa-hoi-p177767360.html?spid=177767361
TIKI_181910016,251,tiki_book,Digital marketing cho doanh nghiệp nhỏ,https://tiki.vn/digital-marketing-cho-doanh-nghiep-nho-p181910016.html?spid=274397174
TIKI_273593520,252,tiki_book,Combo 2 Cuốn Tìm Hiểu Tâm Lý Khách Hàng-Khách Hàng Thật Sự Cần Gì?+Trải Nghiệm Khách Hàng Xuất Sắc,https://tiki.vn/combo-2-cuon-tim-hieu-tam-ly-khach-hang-khach-hang-that-su-can-gi-trai-nghiem-khach-hang-xuat-sac-p273593520.html?spid=275118959
TIKI_277533754,253,tiki_book,"Machine, Platform, Crowd - Máy móc nền tảng cộng đồng, làm chủ tương lai kỹ thuật số của chúng ta",https://tiki.vn/machine-platform-crowd-may-moc-nen-tang-cong-dong-lam-chu-tuong-lai-ky-thuat-so-cua-chung-ta-p277533754.html?spid=277533755
TIKI_278483549,254,tiki_book,- Sổ Tay Hướng Dẫn Kỹ Thuật Phân Tích Dữ Liệu Data Analyst,https://tiki.vn/sach-so-tay-huong-dan-ky-thuat-phan-tich-du-lieu-data-analyst-p278483549.html?spid=278483550
REPO_UEH_61063,255,ueh_repository,Phát triển dịch vụ ngân hàng điện tử trong thời đại cách mạng công nghiệp 4.0 tại Ngân hàng Thương mại Cổ phần Đầu tư và Phát triển Việt Nam,https://digital.lib.ueh.edu.vn/handle/UEH/61063
REPO_UEH_61183,256,ueh_repository,"Đặc điểm công ty, các biến số kinh tế vĩ mô và giá chứng khoán: bằng chứng thực nghiệm tại Hose",https://digital.lib.ueh.edu.vn/handle/UEH/61183
REPO_UEH_61269,257,ueh_repository,"Mối quan hệ giữa đầu tư trực tiếp nước ngoài, tăng trưởng kinh tế, tiêu thụ năng lượng và ô nhiễm môi trường ở Việt Nam: Phương pháp ARDL",https://digital.lib.ueh.edu.vn/handle/UEH/61269
REPO_UEH_61282,258,ueh_repository,"Tỷ suất sinh lợi theo ngày cực đại, Biến động tỷ suất sinh lợi đặc trưng và Tỷ suất sinh lợi kỳ vọng, nghiên cứu tại sở giao dịch chứng khoán TP. Hồ Chí Minh giai đoạn 2010 - 2019",https://digital.lib.ueh.edu.vn/handle/UEH/61282
REPO_UEH_61307,259,ueh_repository,Quy trình xem xét các sự kiện phát sinh sau ngày kết thúc kỳ kế toán trong kiểm toán Báo cáo tài chính - Nghiên cứu thực nghiệm tại các công ty kiểm toán độc lập trên địa bàn TP.HCM,https://digital.lib.ueh.edu.vn/handle/UEH/61307
REPO_UEH_61322,260,ueh_repository,Nghiên cứu về các nhân tố ảnh hưởng đến trải nghiệm sự hứng thú hăng say - học tập & hiệu quả học tập qua kênh học trực tuyến của sinh viên Đại Học Kinh Tế Tp. Hồ Chí Minh,https://digital.lib.ueh.edu.vn/handle/UEH/61322
REPO_UEH_61364,261,ueh_repository,Giao kết và thực hiện hợp đồng kỳ hạn trong thương mại quốc tế,https://digital.lib.ueh.edu.vn/handle/UEH/61364
REPO_UEH_61661,262,ueh_repository,"Luật sửa đổi bổ sung, một số điều của Luật Sở hữu trí tuệ",https://digital.lib.ueh.edu.vn/handle/UEH/61661
REPO_UEH_61699,263,ueh_repository,Giải pháp giảm tình trạng nghỉ việc của nhân viên tín dụng Ngân hàng TMCP Quân đội - chi nhánh Tân Tạo,https://digital.lib.ueh.edu.vn/handle/UEH/61699
REPO_UEH_62489,264,ueh_repository,Ngân hàng 4.0: phối hợp ngân hàng – Fintech trong điều kiện ổn định tài chính quốc gia,https://digital.lib.ueh.edu.vn/handle/UEH/62489
REPO_UEH_62501,265,ueh_repository,Ngưỡng tác động của FDI lên tăng trưởng kinh tế ở các quốc gia châu Á,https://digital.lib.ueh.edu.vn/handle/UEH/62501
REPO_UEH_62798,266,ueh_repository,"Các nhân tố ảnh hưởng đến động lực làm việc của công chức, viên chức trong các ban tham mưu và đơn vị trực thuộc Tỉnh ủy Kiên Giang",https://digital.lib.ueh.edu.vn/handle/UEH/62798
REPO_UEH_62884,267,ueh_repository,Quản trị rủi ro của ngân hàng thương mại Việt Nam theo Hiệp ước Basel II,https://digital.lib.ueh.edu.vn/handle/UEH/62884
REPO_UEH_63065,268,ueh_repository,Giải pháp hạn chế ý định nghỉ việc của đội ngũ nhân viên tại Công ty Cổ phần Giáo dục và Đào tạo Quốc tế ALT,https://digital.lib.ueh.edu.vn/handle/UEH/63065
REPO_UEH_63620,269,ueh_repository,"Đặc điểm quá tự tin, thù lao giám đốc điều hành và hiệu quả hoạt động của các doanh nghiệp niêm yết trên thị trường chứng khoán Việt Nam",https://digital.lib.ueh.edu.vn/handle/UEH/63620
REPO_UEH_63654,270,ueh_repository,Tác động bất đối xứng của phát triển tài chính lên tăng trưởng kinh tế Việt Nam,https://digital.lib.ueh.edu.vn/handle/UEH/63654
REPO_UEH_63988,271,ueh_repository,Ảnh hưởng của chất lượng dịch vụ ngân hàng số đến sự hài lòng và lòng trung thành của khách hàng đối với ngân hàng trong bối cảnh Covid - 19,https://digital.lib.ueh.edu.vn/handle/UEH/63988
TIKI_112442076,272,tiki_book,Tớ Đến Với Khoa Học Máy Tính: Sử Dụng Máy Tính An Toàn (Tái Bản),https://tiki.vn/sach-to-den-voi-khoa-hoc-may-tinh-su-dung-may-tinh-an-toan-tai-ban-p112442076.html?spid=112442077
TIKI_112442080,273,tiki_book,Tớ Đến Với Khoa Học Máy Tính: Thuật Toán Và Lập Trình (Tái Bản),https://tiki.vn/sach-to-den-voi-khoa-hoc-may-tinh-thuat-toan-va-lap-trinh-tai-ban-p112442080.html?spid=112442081
TIKI_115126767,274,tiki_book,"Everything You Need To Ace Computer Science And Coding Big Fat Notebooks - Sổ Tay Khoa Học Máy Tính Và Mã Hóa ( Tiếng Anh, Lớp 8 - Lớp 12 ) - - Nâng Cao Kiến Thức Khoa Học Máy Tính Và Lập Trình - Á Châu Books, Bìa Cứng, In Màu",https://tiki.vn/sach-everything-you-need-to-ace-computer-science-and-coding-big-fat-notebooks-so-tay-may-tinh-tieng-anh-lop-8-lop-12-p115126767.html?spid=115126768
TIKI_1197799,275,tiki_book,Tóm Tắt - Bài Tập - Trắc Nghiệm Kinh Tế Vĩ Mô,https://tiki.vn/tom-tat-bai-tap-trac-nghiem-kinh-te-vi-mo-p1197799.html?spid=74570330
TIKI_135961032,276,tiki_book,Quản Trị Rủi Ro Tại Các Ngân Hàng Thương Mại Việt Nam Trong Bối Cảnh Hội Nhập Quốc Tế,https://tiki.vn/quan-tri-rui-ro-tai-cac-ngan-hang-thuong-mai-viet-nam-trong-boi-canh-hoi-nhap-quoc-te-p135961032.html?spid=135961033
TIKI_14075308,277,tiki_book,Kinh Tế Quốc Tế - International Economics,https://tiki.vn/kinh-te-quoc-te-international-economics-p14075308.html?spid=213515995
TIKI_143947061,278,tiki_book,Combo Content Marketing: ( Content bạc tỷ + Content Marketing trong kỷ nguyên 4.0),https://tiki.vn/combo-content-marketing-content-bac-ty-content-marketing-trong-ky-nguyen-4-0-p143947061.html?spid=143947062
TIKI_182480871,279,tiki_book,The Experience Economy: Nền Kinh Tế Trải Nghiệm - Biến Dịch Vụ Của Bạn Thành Trải Nghiệm Khách Hàng,https://tiki.vn/the-experience-economy-nen-kinh-te-trai-nghiem-bien-dich-vu-cua-ban-thanh-trai-nghiem-khach-hang-p182480871.html?spid=258929164
TIKI_184588982,280,tiki_book,Content Marketing Trong Kỷ Nguyên Trải Nghiệm Khách Hàng,https://tiki.vn/content-marketing-trong-ky-nguyen-trai-nghiem-khach-hang-p184588982.html?spid=213587833
TIKI_248861528,281,tiki_book,Cẩm Nang Thanh Toán Quốc Tế Và Tài Trợ Ngoại Thương - Dành Cho Cao Học Và NCS ( Tái Bản 2023),https://tiki.vn/cam-nang-thanh-toan-quoc-te-va-tai-tro-ngoai-thuong-danh-cho-cao-hoc-va-ncs-tai-ban-2023-p248861528.html?spid=248861529
TIKI_269955449,282,tiki_book,- Giáo trình cấu trúc dữ liệu và giải thuật,https://tiki.vn/sach-giao-trinh-cau-truc-du-lieu-va-giai-thuat-p269955449.html?spid=269955450
TIKI_272581988,283,tiki_book,Hướng dẫn của Determann về pháp luật bảo vệ dữ liệu cá nhân - Hoạt động tuân thủ của Doanh nghiệp trên phạm vi quốc tế,https://tiki.vn/huong-dan-cua-determann-ve-phap-luat-bao-ve-du-lieu-ca-nhan-hoat-dong-tuan-thu-cua-doanh-nghiep-tren-pham-vi-quoc-te-p272581988.html?spid=272887528
TIKI_276765025,284,tiki_book,"Combo Sách Tìm Hiểu Về Kinh Tế Thế Giới: Đồng Tiền Lên Ngôi - Lịch Sử Tài Chính Thế Giới + Các Triết Gia Thế Tục - Cuộc Đời, Thời Đại Và Tư Tưởng Của Các Nhà Kinh Tế Vĩ Đại (Omega Plus)",https://tiki.vn/combo-sach-tim-hieu-ve-kinh-te-the-gioi-dong-tien-len-ngoi-lich-su-tai-chinh-the-gioi-cac-triet-gia-the-tuc-cuoc-doi-thoi-dai-va-tu-tuong-cua-cac-nha-kinh-te-vi-dai-omega-plus-p276765025.html?spid=276765026
TIKI_277004498,285,tiki_book,- Phân Tích Dữ Liệu Marketing,https://tiki.vn/sach-phan-tich-du-lieu-marketing-p277004498.html?spid=277004499
TIKI_277967579,286,tiki_book,Luật Sở hữu trí tuệ (Hiện hành) - Nhà xuất bản Chính trị quốc gia Sự thật,https://tiki.vn/luat-so-huu-tri-tue-hien-hanh-sua-doi-bo-sung-nam-2009-2019-2022-p277967579.html?spid=273678695
TIKI_279390334,287,tiki_book,Giáo trình Luật Đầu tư Quốc tế,https://tiki.vn/giao-trinh-luat-dau-tu-quoc-te-p279390334.html?spid=279390335
TIKI_403211,288,tiki_book,Bài Tập Và Bài Giải Nghiệp Vụ Ngân Hàng Trung Ương,https://tiki.vn/sach-bai-tap-va-bai-giai-nghiep-vu-ngan-hang-trung-uong-p403211.html?spid=89424670
TIKI_531504,289,tiki_book,Quản Trị Ngân Hàng Thương Mại,https://tiki.vn/sach-quan-tri-ngan-hang-thuong-mai-p531504.html?spid=89424631
TIKI_533058,290,tiki_book,Tài Trợ Tín Dụng Ngân Hàng Cho Các Doanh Nghiệp Nhỏ Và Vừa,https://tiki.vn/sach-tai-tro-tin-dung-ngan-hang-cho-cac-doanh-nghiep-nho-va-vua-p533058.html?spid=89424681
TIKI_685617,291,tiki_book,Cẩm Nang Quản Trị Điều Hành - Quản Trị Tích Hợp,https://tiki.vn/sach-cam-nang-quan-tri-dieu-hanh-quan-tri-tich-hop-p685617.html?spid=20441105
TIKI_716491,292,tiki_book,Kinh Tế Phát Triển Căn Bản Và Nâng Cao,https://tiki.vn/sach-kinh-te-phat-trien-can-ban-va-nang-cao-p716491.html?spid=162712941
REPO_UEH_61512,293,ueh_repository,Một số giải pháp nhằm hoàn thiện hoạt động quản trị kênh phân phối tại Công ty TNHH MTV Thuốc lá Đồng Tháp,https://digital.lib.ueh.edu.vn/handle/UEH/61512
REPO_UEH_62228,294,ueh_repository,Giải pháp thúc đẩy khách hàng quyết định mua sản phẩm gạch ốp lát (thương hiệu Royal) tại Công ty Cổ phần Sản xuất và Đầu tư Hoàng Gia,https://digital.lib.ueh.edu.vn/handle/UEH/62228
REPO_UEH_62935,295,ueh_repository,Ảnh hưởng của biến động chi phí bán hàng và chi phí quản lý doanh nghiệp đến quản trị lợi nhuận tại các công ty niêm yết trên thị trường chứng khoán Việt Nam,https://digital.lib.ueh.edu.vn/handle/UEH/62935
REPO_UEH_63529,296,ueh_repository,Giải pháp nâng cao hiệu quả quản trị chuỗi cung ứng của công ty xi măng Fico-YTL,https://digital.lib.ueh.edu.vn/handle/UEH/63529
TIKI_273341092,297,tiki_book,Quản Trị Bán Hàng Hiệu Quả - Sales Management That Works,https://tiki.vn/quan-tri-ban-hang-hieu-qua-sales-management-that-works-p273341092.html?spid=273341093
TIKI_276502265,298,tiki_book,Sales And Marketing Channels - Tạo Kênh Bán Hàng Và Marketing,https://tiki.vn/sales-and-marketing-channels-tao-kenh-ban-hang-va-marketing-p276502265.html?spid=276848805
TIKI_68459988,299,tiki_book,Combo Định Giá Gia Tăng Lợi Nhuận: Định Giá Dựa Trên Giá Trị + Những Đòn Tâm Lý Trong Định Giá Sản Phẩm,https://tiki.vn/combo-dinh-gia-gia-tang-loi-nhuan-dinh-gia-dua-tren-gia-tri-nhung-don-tam-ly-trong-dinh-gia-san-pham-p68459988.html?spid=70885394
REPO_UEH_61163,300,ueh_repository,Một số giải pháp nhằm cải thiện chất lượng dịch vụ vận tải container bằng đường bộ tại Công ty Cổ phần Tiếp vận Quốc tế Cảng Cát Lái,https://digital.lib.ueh.edu.vn/handle/UEH/61163
REPO_UEH_61698,301,ueh_repository,Nâng cao chất lượng mối quan hệ giữa các nhà phân phối với Công ty Cổ phần Tập đoàn Cà phê Trung Nguyên tại thị trường quốc tế,https://digital.lib.ueh.edu.vn/handle/UEH/61698
REPO_UEH_63039,302,ueh_repository,Các yếu tố tác động đến hành vi tuân thủ pháp luật thuế của doanh nghiệp tại tỉnh Đắk Nông,https://digital.lib.ueh.edu.vn/handle/UEH/63039
REPO_UEH_63439,303,ueh_repository,Các nhân tố ảnh hưởng đến sự sẵn sàng chấp nhận của kế toán viên trong việc áp dụng IFRS tại TP Hồ Chí Minh,https://digital.lib.ueh.edu.vn/handle/UEH/63439
REPO_UEH_63683,304,ueh_repository,Tác động của môi trường cạnh tranh đến văn hóa tổ chức và chiến lược kinh doanh - Ảnh hưởng đến việc thực hiện kế toán quản trị tại các doanh nghiệp ở Việt Nam,https://digital.lib.ueh.edu.vn/handle/UEH/63683
REPO_UEH_63688,305,ueh_repository,Đánh giá sự hài lòng của khách hàng về sản phẩm dịch vụ ngân hàng điện tử của Ngân hàng TMCP Ngoại thương Việt Nam chi nhánh tỉnh Đắk Lắk,https://digital.lib.ueh.edu.vn/handle/UEH/63688
TIKI_272443339,306,tiki_book,Kế Toán Thuế Trong Doanh Nghiệp Và Kỹ Năng Quyết Toán Thuế( 14),https://tiki.vn/ke-toan-thue-trong-doanh-nghiep-va-ky-nang-quyet-toan-thue-14-p272443339.html?spid=273697643
TIKI_273905393,307,tiki_book,"Quản Lý Chuỗi Cung Ứng Thực Phẩm Và Logistics- Cuốn Sách Quản Lý, Lãnh Đạo Hay Tăng Hiệu Quả Công Việc",https://tiki.vn/quan-ly-chuoi-cung-ung-thuc-pham-va-logistics-cuon-sach-quan-ly-lanh-dao-hay-tang-hieu-qua-cong-viec-p273905393.html?spid=274852180
TIKI_274409757,308,tiki_book,Ứng dụng Phân tích báo cáo tài chính và định giá doanh nghiệp trong thực tiễn,https://tiki.vn/ung-dung-phan-tich-bao-cao-tai-chinh-va-dinh-gia-doanh-nghiep-trong-thuc-tien-p274409757.html?spid=274409758
TIKI_278236687,309,tiki_book,"Luật Thương mại, Luật quản lý ngoại thương- hệ thống văn bản quy định hướng dẫn chi tiết thi hành",https://tiki.vn/luat-thuong-mai-luat-quan-ly-ngoai-thuong-he-thong-van-ban-quy-dinh-huong-dan-chi-tiet-thi-hanh-p278236687.html?spid=278236688
TIKI_278769828,310,tiki_book,Logistics Và Vận Tải Quốc Tế - TS. Trần Nguyễn Hợp Châu (Tái Bản 2025),https://tiki.vn/logistics-va-van-tai-quoc-te-ts-tran-nguyen-hop-chau-tai-ban-2025-p278769828.html?spid=278769829
TIKI_31568245,311,tiki_book,Hướng dẫn lập báo cáo tài chính hợp nhất (theo VAS và IFRS),https://tiki.vn/huong-dan-lap-bao-cao-tai-chinh-hop-nhat-theo-vas-va-ifrs-p31568245.html?spid=276384240
TIKI_532700,312,tiki_book,Thương Mại Điện Tử,https://tiki.vn/sach-thuong-mai-dien-tu-p532700.html?spid=89424621
TIKI_56602776,313,tiki_book,Kế Toán Tài Chính Doanh Nghiệp Thương Mại Dịch Vụ,https://tiki.vn/ke-toan-tai-chinh-doanh-nghiep-thuong-mai-dich-vu-p56602776.html?spid=56602777
